Workbook

Sheet Averaged Data
F1: Fixed sink and trim tests
F2: Average results from all runs | J2: Idea is to put one line of results in here from each test. | Q2: Models | T2: Dates | W2: Ref. Values
F3: Entered by RGJF, 22/10/13
Q4: V1 | R4: Rounded hull | T4: D1 | U4: 41457 | W4: A= | X4: 0.0488 | Y4: m2
Q5: V2 | R5: Wide Vee | T5: D2 | U5: 41458 | W5: rho= | X5: 1000 | Y5: kg/m3
Q6: V3 | R6: Narrow Vee | T6: D3 | U6: 41459
T7: D4 | U7: 41460
F10: Measured | G10: Measured | H10: Measured | I10: Measured | J10: Measured | K10: Measured | L10: Measured | M10: Time | N10: Comment | O10: Calc | P10: Calc | Q10: Calc | R10: Calc | V10: dynamic pressure | W10: coefts | X10: coefts | Y10: coefts | Z10: coefts
W11: Coefficients
A12: Day | B12: Model | C12: Test | D12: Yaw | E12: Speed | F12: Stbd Drag Force | G12: Port Drag Force | H12: FWD Side Force | I12: AFT Side Force | J12: Heave | K12: Pitch | L12: Velocity | O12: Total Drag | P12: Total Lift | Q12: Resistance | R12: Sideforce | V12: q [N/m2] | W12: CD | X12: CL | Y12: CR | Z12: CS
B13: shape | C13: number | D13: deg | E13: m/s | F13: N | G13: N | H13: N | I13: N | J13: mm | K13: deg | L13: m/s | O13: N | P13: N | Q13: N | R13: N
A15: D1 | B15: V1 | C15: 0 | D15: 0 | E15: 0 | F15: -41.144572 | G15: 10.981373 | H15: -1.1073181 | I15: -1.8280901 | J15: 29.720349 | K15: 2.5462509 | L15: 0 | N15: setup | O15: =F15+G15 -> -30.163199 | P15: =-(H15+I15) -> 2.9354082 | Q15: =O15*COS(RADIANS(D15))-P15*SIN(RADIANS(D15)) -> -30.163199 | R15: =(O15*SIN(RADIANS(D15)))+(P15*(COS(RADIANS(D15)))) -> 2.9354082 | V15: =0.5*$X$5*$L15^2 -> 0
A16: D1 | B16: V1 | C16: 1 | D16: 0 | E16: 0 | F16: -0.007420575 | G16: -0.015892855 | H16: 0.00762828 | I16: -0.003543639 | J16: 29.731363 | K16: 2.5434638 | L16: 0 | O16: =F16+G16 -> -0.02331343 | P16: =-(H16+I16) -> -0.004084641 | Q16: =O16*COS(RADIANS(D16))-P16*SIN(RADIANS(D16)) -> -0.02331343 | R16: =(O16*SIN(RADIANS(D16)))+(P16*(COS(RADIANS(D16)))) -> -0.004084641 | V16: =0.5*$X$5*$L16^2 -> 0
A17: D1 | B17: V1 | C17: 2 | D17: 0 | E17: 0.4 | F17: 0.01993211 | G17: -0.011704373 | H17: -0.019176398 | I17: -0.032089427 | J17: 29.737275 | K17: 2.5435509 | L17: 0.39915733 | O17: =F17+G17 -> 0.008227737 | P17: =-(H17+I17) -> 0.051265825 | Q17: =O17*COS(RADIANS(D17))-P17*SIN(RADIANS(D17)) -> 0.008227737 | R17: =(O17*SIN(RADIANS(D17)))+(P17*(COS(RADIANS(D17)))) -> 0.051265825 | V17: =0.5*$X$5*$L17^2 -> 79.663288 | W17: =$O17/($X$4*$V17) -> 0.0021164224 | X17: =$P17/($X$4*$V17) -> 0.013187118 | Y17: =$Q17/($X$4*$V17) -> 0.0021164224 | Z17: =$R17/($X$4*$V17) -> 0.013187118
A18: D1 | B18: V1 | C18: 3 | D18: 0 | E18: 0.4 | F18: 0.066094327 | G18: 0.033210193 | H18: 0.027715018 | I18: -0.000555214 | J18: 29.737275 | K18: 2.5444219 | L18: 0.39916652 | M18: 11.04 | N18: good run | O18: =F18+G18 -> 0.09930452 | P18: =-(H18+I18) -> -0.027159804 | Q18: =O18*COS(RADIANS(D18))-P18*SIN(RADIANS(D18)) -> 0.09930452 | R18: =(O18*SIN(RADIANS(D18)))+(P18*(COS(RADIANS(D18)))) -> -0.027159804 | V18: =0.5*$X$5*$L18^2 -> 79.666955 | W18: =$O18/($X$4*$V18) -> 0.025542946 | X18: =$P18/($X$4*$V18) -> -0.0069860002 | Y18: =$Q18/($X$4*$V18) -> 0.025542946 | Z18: =$R18/($X$4*$V18) -> -0.0069860002
A19: D1 | B19: V1 | C19: 4 | D19: 0 | E19: 0.8 | F19: 0.35686112 | G19: 0.15967484 | H19: 0.093275832 | I19: -0.058884459 | J19: 29.727557 | K19: 2.5452929 | L19: 0.80495266 | M19: 11.27 | O19: =F19+G19 -> 0.51653595 | P19: =-(H19+I19) -> -0.034391373 | Q19: =O19*COS(RADIANS(D19))-P19*SIN(RADIANS(D19)) -> 0.51653595 | R19: =(O19*SIN(RADIANS(D19)))+(P19*(COS(RADIANS(D19)))) -> -0.034391373 | V19: =0.5*$X$5*$L19^2 -> 323.97439 | W19: =$O19/($X$4*$V19) -> 0.032671573 | X19: =$P19/($X$4*$V19) -> -0.0021752992 | Y19: =$Q19/($X$4*$V19) -> 0.032671573 | Z19: =$R19/($X$4*$V19) -> -0.0021752992
A20: D1 | B20: V1 | C20: 5 | D20: 0 | E20: 1.2 | F20: 0.9551765 | G20: 0.65989715 | H20: 0.23749547 | I20: -0.047688969 | J20: 29.725532 | K20: 2.5442477 | L20: 1.1953708 | M20: 11.5 | N20: Originally didn't change file name before run. Recovered | O20: =F20+G20 -> 1.6150736 | P20: =-(H20+I20) -> -0.1898065 | Q20: =O20*COS(RADIANS(D20))-P20*SIN(RADIANS(D20)) -> 1.6150736 | R20: =(O20*SIN(RADIANS(D20)))+(P20*(COS(RADIANS(D20)))) -> -0.1898065 | V20: =0.5*$X$5*$L20^2 -> 714.45565 | W20: =$O20/($X$4*$V20) -> 0.04632306 | X20: =$P20/($X$4*$V20) -> -0.0054439734 | Y20: =$Q20/($X$4*$V20) -> 0.04632306 | Z20: =$R20/($X$4*$V20) -> -0.0054439734
A21: D1 | B21: V1 | C21: -6 | D21: 0 | E21: 1.6 | F21: -39.728019 | G21: 12.215801 | H21: -0.74748255 | I21: -1.8159352 | J21: 29.721145 | K21: 2.5475163 | L21: 1.6031259 | M21: 12.24 | N21: Big bow wave(over model). Set model now to 4degs | O21: =F21+G21 -> -27.512218 | P21: =-(H21+I21) -> 2.5634177 | Q21: =O21*COS(RADIANS(D21))-P21*SIN(RADIANS(D21)) -> -27.512218 | R21: =(O21*SIN(RADIANS(D21)))+(P21*(COS(RADIANS(D21)))) -> 2.5634177 | V21: =0.5*$X$5*$L21^2 -> 1285.0063 | W21: =$O21/($X$4*$V21) -> -0.43873322 | X21: =$P21/($X$4*$V21) -> 0.040878439 | Y21: =$Q21/($X$4*$V21) -> -0.43873322 | Z21: =$R21/($X$4*$V21) -> 0.040878439
A22: D1 | B22: V1 | C22: 6 | D22: 0 | E22: 1.6 | F22: 1.3497232 | G22: 1.1369198 | H22: 0.32989374 | I22: 0.00249978 | J22: 29.712471 | K22: 2.5437002 | L22: 1.605672 | M22: ~14.35 | N22: re-run of test 6 to confirm bow over the top. From now on only test to 1.2m/s.This test done after test 10 | O22: =F22+G22 -> 2.4866431 | P22: =-(H22+I22) -> -0.33239352 | Q22: =O22*COS(RADIANS(D22))-P22*SIN(RADIANS(D22)) -> 2.4866431 | R22: =(O22*SIN(RADIANS(D22)))+(P22*(COS(RADIANS(D22)))) -> -0.33239352 | V22: =0.5*$X$5*$L22^2 -> 1289.0913 | W22: =$O22/($X$4*$V22) -> 0.039528465 | X22: =$P22/($X$4*$V22) -> -0.0052838326 | Y22: =$Q22/($X$4*$V22) -> 0.039528465 | Z22: =$R22/($X$4*$V22) -> -0.0052838326
A23: D1 | B23: V1 | C23: 7 | D23: 4 | E23: 0 | F23: 0.007952066 | G23: 0.016075913 | H23: -0.041631306 | I23: 0.016316026 | J23: 29.713141 | K23: 2.5413735 | L23: 0 | M23: 13.05 | N23: zero test. Small vibrations of model | O23: =F23+G23 -> 0.024027979 | P23: =-(H23+I23) -> 0.02531528 | Q23: =O23*COS(RADIANS(D23))-P23*SIN(RADIANS(D23)) -> 0.022203543 | R23: =(O23*SIN(RADIANS(D23)))+(P23*(COS(RADIANS(D23)))) -> 0.02692972 | V23: =0.5*$X$5*$L23^2 -> 0 | W23: =$O23/($X$4*$V23) -> #DIV/0! | X23: =$P23/($X$4*$V23) -> #DIV/0! | Y23: =$Q23/($X$4*$V23) -> #DIV/0! | Z23: =$R23/($X$4*$V23) -> #DIV/0!
A24: D1 | B24: V1 | C24: 8 | D24: 4 | E24: 0.4 | F24: -0.02375298 | G24: 0.083425445 | H24: -0.069434029 | I24: 0.061104023 | J24: 29.71549 | K24: 2.5423316 | L24: 0.40036896 | M24: 13.25 | O24: =F24+G24 -> 0.059672465 | P24: =-(H24+I24)-$P18 -> 0.03548981 | Q24: =O24*COS(RADIANS(D24))-P24*SIN(RADIANS(D24)) -> 0.057051462 | R24: =(O24*SIN(RADIANS(D24)))+(P24*(COS(RADIANS(D24)))) -> 0.039565899 | V24: =0.5*$X$5*$L24^2 -> 80.147652 | W24: =$O24/($X$4*$V24) -> 0.015256796 | X24: =$P24/($X$4*$V24) -> 0.0090738803 | Y24: =$Q24/($X$4*$V24) -> 0.01458667 | Z24: =$R24/($X$4*$V24) -> 0.010116037
A25: D1 | B25: V1 | C25: 9 | D25: 4 | E25: 0.8 | F25: -0.019295436 | G25: 0.56600487 | H25: -0.23174503 | I25: 0.20889253 | J25: 29.712574 | K25: 2.5452929 | L25: 0.80652782 | M25: 13.4 | O25: =F25+G25 -> 0.54670944 | P25: =-(H25+I25)-$P19 -> 0.057243871 | Q25: =O25*COS(RADIANS(D25))-P25*SIN(RADIANS(D25)) -> 0.54138455 | R25: =(O25*SIN(RADIANS(D25)))+(P25*(COS(RADIANS(D25)))) -> 0.09524095 | V25: =0.5*$X$5*$L25^2 -> 325.24356 | W25: =$O25/($X$4*$V25) -> 0.034445147 | X25: =$P25/($X$4*$V25) -> 0.0036066206 | Y25: =$Q25/($X$4*$V25) -> 0.034109655 | Z25: =$R25/($X$4*$V25) -> 0.0060006071
A26: D1 | B26: V1 | C26: 10 | D26: 4 | E26: 1.6 | F26: 0.069466882 | G26: 2.6037486 | H26: -1.0951052 | I26: 0.72602649 | J26: 29.717892 | K26: 2.5447602 | L26: 1.6057728 | M26: 14.02 | N26: large (or nice) wake pattern | O26: =F26+G26 -> 2.6732155 | P26: =-(H26+I26)-P22 -> 0.70147219 | Q26: =O26*COS(RADIANS(D26))-P26*SIN(RADIANS(D26)) -> 2.6177715 | R26: =(O26*SIN(RADIANS(D26)))+(P26*(COS(RADIANS(D26)))) -> 0.88623752 | V26: =0.5*$X$5*$L26^2 -> 1289.2531 | W26: =$O26/($X$4*$V26) -> 0.042488945 | X26: =$P26/($X$4*$V26) -> 0.011149424 | Y26: =$Q26/($X$4*$V26) -> 0.0416077 | Z26: =$R26/($X$4*$V26) -> 0.014086144
A27: D1 | B27: V1 | C27: 11 | D27: 4 | E27: 1.2 | F27: 0.25006797 | G27: 1.4872121 | H27: -0.57341495 | I27: 0.33016629 | J27: 29.71055 | K27: 2.5440735 | L27: 1.1985548 | M27: 15.14 | N27: After set to 8deg | O27: =F27+G27 -> 1.73728 | P27: =-(H27+I27) -> 0.24324865 | Q27: =O27*COS(RADIANS(D27))-P27*SIN(RADIANS(D27)) -> 1.7160799 | R27: =(O27*SIN(RADIANS(D27)))+(P27*(COS(RADIANS(D27)))) -> 0.36384264 | V27: =0.5*$X$5*$L27^2 -> 718.26678 | W27: =$O27/($X$4*$V27) -> 0.049563757 | X27: =$P27/($X$4*$V27) -> 0.0069397662 | Y27: =$Q27/($X$4*$V27) -> 0.048958929 | Z27: =$R27/($X$4*$V27) -> 0.010380254
A28: D1 | B28: V1 | C28: 12 | D28: 8 | E28: 0.4 | F28: -0.013495438 | G28: 0.23512774 | H28: -0.098655558 | I28: 0.082243898 | J28: 29.711926 | K28: 2.5410251 | L28: 0.39705455 | M28: 15.4 | O28: =F28+G28 -> 0.2216323 | P28: =-(H28+I28)-$P18 -> 0.043571464 | Q28: =O28*COS(RADIANS(D28))-P28*SIN(RADIANS(D28)) -> 0.21341142 | R28: =(O28*SIN(RADIANS(D28)))+(P28*(COS(RADIANS(D28)))) -> 0.073992684 | V28: =0.5*$X$5*$L28^2 -> 78.826159 | W28: =$O28/($X$4*$V28) -> 0.057615969 | X28: =$P28/($X$4*$V28) -> 0.011326923 | Y28: =$Q28/($X$4*$V28) -> 0.055478851 | Z28: =$R28/($X$4*$V28) -> 0.019235284
A29: D1 | B29: V1 | C29: 13 | D29: 8 | E29: 0.8 | F29: -0.27818868 | G29: 0.88052106 | H29: -0.52998282 | I29: 0.3462149 | J29: 29.710793 | K29: 2.537367 | L29: 0.80848332 | M29: 15.53 | N29: photographed | O29: =F29+G29 -> 0.60233237 | P29: =-(H29+I29)-$P19 -> 0.21815929 | Q29: =O29*COS(RADIANS(D29))-P29*SIN(RADIANS(D29)) -> 0.56610861 | R29: =(O29*SIN(RADIANS(D29)))+(P29*(COS(RADIANS(D29)))) -> 0.29986464 | V29: =0.5*$X$5*$L29^2 -> 326.82264 | W29: =$O29/($X$4*$V29) -> 0.037766284 | X29: =$P29/($X$4*$V29) -> 0.013678603 | Y29: =$Q29/($X$4*$V29) -> 0.035495051 | Z29: =$R29/($X$4*$V29) -> 0.018801535
A30: D1 | B30: V1 | C30: 14 | D30: 8 | E30: 1.2 | F30: -0.34372929 | G30: 2.1691678 | H30: -1.3325912 | I30: 0.55141121 | J30: 29.71144 | K30: 2.5420703 | L30: 1.1940426 | M30: 14.29 | N30: photo again. Strange time. Probably 16.29 | O30: =F30+G30 -> 1.8254385 | P30: =-(H30+I30)-$P20 -> 0.97098647 | Q30: =O30*COS(RADIANS(D30))-P30*SIN(RADIANS(D30)) -> 1.6725382 | R30: =(O30*SIN(RADIANS(D30)))+(P30*(COS(RADIANS(D30)))) -> 1.2155888 | V30: =0.5*$X$5*$L30^2 -> 712.86882 | W30: =$O30/($X$4*$V30) -> 0.052473225 | X30: =$P30/($X$4*$V30) -> 0.027911536 | Y30: =$Q30/($X$4*$V30) -> 0.048078024 | Z30: =$R30/($X$4*$V30) -> 0.034942764
A31: D2 | B31: V1 | C31: 1 | D31: 8 | E31: 1.2 | F31: 1.9344262 | G31: -0.55381301 | H31: 1.4722661 | I31: -0.45231331 | J31: 29.722714 | K31: 2.5286184 | L31: 1.1942638 | N31: Ian skimmed tank before tests. Previous test with model rotated bow to port, following tests with bow rotated to starboard. Data recorded for only 5 sec, not 10 sec. After set to 16 degs | O31: =F31+G31 -> 1.3806132 | P31: =H31+I31+$P20 -> 0.83014633 | Q31: =O31*COS(RADIANS(D31))-P31*SIN(RADIANS(D31)) -> 1.2516432 | R31: =(O31*SIN(RADIANS(D31)))+(P31*(COS(RADIANS(D31)))) -> 1.0142116 | V31: =0.5*$X$5*$L31^2 -> 713.13304 | W31: =$O31/($X$4*$V31) -> 0.039671776 | X31: =$P31/($X$4*$V31) -> 0.023854168 | Y31: =$Q31/($X$4*$V31) -> 0.035965835 | Z31: =$R31/($X$4*$V31) -> 0.029143265
A32: D2 | B32: V1 | C32: 2 | D32: 16 | E32: 0.4 | F32: 0.22162008 | G32: -0.1023417 | H32: 0.2825125 | I32: 0.01396965 | J32: 29.721966 | K32: 2.5239516 | L32: 0.39916287 | N32: Data recorded for only 5 sec, not 10 sec. Video + photo | O32: =F32+G32 -> 0.11927838 | P32: =H32+I32 -> 0.29648215 | Q32: =O32*COS(RADIANS(D32))-P32*SIN(RADIANS(D32)) -> 0.032936177 | R32: =(O32*SIN(RADIANS(D32)))+(P32*(COS(RADIANS(D32)))) -> 0.31787451 | V32: =0.5*$X$5*$L32^2 -> 79.665499 | W32: =$O32/($X$4*$V32) -> 0.030681148 | X32: =$P32/($X$4*$V32) -> 0.076262045 | Y32: =$Q32/($X$4*$V32) -> 0.0084719443 | Z32: =$R32/($X$4*$V32) -> 0.081764653
A33: D2 | B33: V1 | C33: 3 | D33: 16 | E33: 0.8 | F33: 1.1883121 | G33: -0.70034065 | H33: 1.0867103 | I33: -0.34302579 | J33: 29.718081 | K33: 2.5276122 | L33: 0.80877014 | M33: 10.35 | N33: Data recorded for 10 sec. Ran again to check recording was working properly. Seemed ok | O33: =F33+G33 -> 0.48797141 | P33: =H33+I33 -> 0.7436845 | Q33: =O33*COS(RADIANS(D33))-P33*SIN(RADIANS(D33)) -> 0.26408099 | R33: =(O33*SIN(RADIANS(D33)))+(P33*(COS(RADIANS(D33)))) -> 0.84937858 | V33: =0.5*$X$5*$L33^2 -> 327.05457 | W33: =$O33/($X$4*$V33) -> 0.030574145 | X33: =$P33/($X$4*$V33) -> 0.046596005 | Y33: =$Q33/($X$4*$V33) -> 0.016546155 | Z33: =$R33/($X$4*$V33) -> 0.053218331
A34: D2 | B34: V1 | C34: 4 | D34: 16 | E34: 1.2 | F34: 3.3276295 | G34: -1.32221 | H34: 2.8252796 | I34: -0.73651262 | J34: 29.717029 | K34: 2.5282219 | L34: 1.1962005 | M34: 11.05 | O34: =F34+G34 -> 2.0054195 | P34: =H34+I34 -> 2.088767 | Q34: =O34*COS(RADIANS(D34))-P34*SIN(RADIANS(D34)) -> 1.3519908 | R34: =(O34*SIN(RADIANS(D34)))+(P34*(COS(RADIANS(D34)))) -> 2.5606203 | V34: =0.5*$X$5*$L34^2 -> 715.44785 | W34: =$O34/($X$4*$V34) -> 0.057439075 | X34: =$P34/($X$4*$V34) -> 0.059826307 | Y34: =$Q34/($X$4*$V34) -> 0.038723617 | Z34: =$R34/($X$4*$V34) -> 0.073341092
A35: D2 | B35: V1 | C35: 5 | D35: 24 | E35: 0.4 | F35: 0.43555385 | G35: -0.12871858 | H35: 0.49993948 | I35: 0.061137141 | J35: 29.714518 | K35: 2.5283961 | L35: 0.40077542 | M35: 11.36 | O35: =F35+G35 -> 0.30683526 | P35: =H35+I35 -> 0.56107662 | Q35: =O35*COS(RADIANS(D35))-P35*SIN(RADIANS(D35)) -> 0.052097542 | R35: =(O35*SIN(RADIANS(D35)))+(P35*(COS(RADIANS(D35)))) -> 0.63737014 | V35: =0.5*$X$5*$L35^2 -> 80.310467 | W35: =$O35/($X$4*$V35) -> 0.078291263 | X35: =$P35/($X$4*$V35) -> 0.1431628 | Y35: =$Q35/($X$4*$V35) -> 0.013293069 | Z35: =$R35/($X$4*$V35) -> 0.16262966
A36: D2 | B36: V1 | C36: 6 | D36: 24 | E36: 0.8 | F36: 1.8806858 | G36: -0.84036618 | H36: 1.6905368 | I36: -0.4161805 | J36: 29.712007 | K36: 2.5250864 | L36: 0.80715357 | M36: 12.04 | O36: =F36+G36 -> 1.0403196 | P36: =H36+I36 -> 1.2743563 | Q36: =O36*COS(RADIANS(D36))-P36*SIN(RADIANS(D36)) -> 0.43205185 | R36: =(O36*SIN(RADIANS(D36)))+(P36*(COS(RADIANS(D36)))) -> 1.5873185 | V36: =0.5*$X$5*$L36^2 -> 325.74845 | W36: =$O36/($X$4*$V36) -> 0.065443211 | X36: =$P36/($X$4*$V36) -> 0.080165718 | Y36: =$Q36/($X$4*$V36) -> 0.027179014 | Z36: =$R36/($X$4*$V36) -> 0.099853179
A37: D2 | B37: V1 | C37: 7 | D37: 24 | E37: 1.2 | F37: 4.6290384 | G37: -1.8179316 | H37: 4.0901864 | I37: -0.85066085 | J37: 29.715166 | K37: 2.5304864 | L37: 1.196084 | M37: 12.3 | N37: waterline well below on leeward side. | O37: =F37+G37 -> 2.8111068 | P37: =H37+I37 -> 3.2395256 | Q37: =O37*COS(RADIANS(D37))-P37*SIN(RADIANS(D37)) -> 1.2504401 | R37: =(O37*SIN(RADIANS(D37)))+(P37*(COS(RADIANS(D37)))) -> 4.102834 | V37: =0.5*$X$5*$L37^2 -> 715.30843 | W37: =$O37/($X$4*$V37) -> 0.080531203 | X37: =$P37/($X$4*$V37) -> 0.092804331 | Y37: =$Q37/($X$4*$V37) -> 0.035821992 | Z37: =$R37/($X$4*$V37) -> 0.11753597
N38: Lunch. Put new model in. Lowered model in tank to get correct waterline. Also adjusted for yaw. Note U-model had +ve sideforce @ 0AoA indicating slight yaw or assymetry
A39: D2 | B39: V2 | C39: 1 | D39: 0 | E39: 0.4 | F39: 0.022096626 | G39: 0.005697571 | H39: 0.00740716 | I39: 0.010741308 | J39: 25.708994 | K39: 2.5307477 | L39: 0.39910058 | M39: 13.58 | O39: =F39+G39 -> 0.027794197 | P39: =H39+I39 -> 0.018148468 | Q39: =O39*COS(RADIANS(D39))-P39*SIN(RADIANS(D39)) -> 0.027794197 | R39: =(O39*SIN(RADIANS(D39)))+(P39*(COS(RADIANS(D39)))) -> 0.018148468 | V39: =0.5*$X$5*$L39^2 -> 79.640636 | W39: =$O39/($X$4*$V39) -> 0.0071515402 | X39: =$P39/($X$4*$V39) -> 0.0046696618 | Y39: =$Q39/($X$4*$V39) -> 0.0071515402 | Z39: =$R39/($X$4*$V39) -> 0.0046696618
A40: D2 | B40: V2 | C40: 2 | D40: 0 | E40: 0.8 | F40: 0.2537008 | G40: 0.17898591 | H40: 0.057258578 | I40: -0.011302624 | J40: 25.711423 | K40: 2.5282219 | L40: 0.80760298 | M40: 14.1 | O40: =F40+G40 -> 0.43268671 | P40: =H40+I40 -> 0.045955954 | Q40: =O40*COS(RADIANS(D40))-P40*SIN(RADIANS(D40)) -> 0.43268671 | R40: =(O40*SIN(RADIANS(D40)))+(P40*(COS(RADIANS(D40)))) -> 0.045955954 | V40: =0.5*$X$5*$L40^2 -> 326.11128 | W40: =$O40/($X$4*$V40) -> 0.027188666 | X40: =$P40/($X$4*$V40) -> 0.002887727 | Y40: =$Q40/($X$4*$V40) -> 0.027188666 | Z40: =$R40/($X$4*$V40) -> 0.002887727
A41: D2 | B41: V2 | C41: 3 | D41: 0 | E41: 1.2 | F41: 0.49040507 | G41: 0.3342724 | H41: 0.13229121 | I41: -0.018367569 | J41: 25.706726 | K41: 2.5298767 | L41: 1.1963631 | M41: 14.27 | O41: =F41+G41 -> 0.82467747 | P41: =H41+I41 -> 0.11392364 | Q41: =O41*COS(RADIANS(D41))-P41*SIN(RADIANS(D41)) -> 0.82467747 | R41: =(O41*SIN(RADIANS(D41)))+(P41*(COS(RADIANS(D41)))) -> 0.11392364 | V41: =0.5*$X$5*$L41^2 -> 715.64233 | W41: =$O41/($X$4*$V41) -> 0.023613931 | X41: =$P41/($X$4*$V41) -> 0.0032621056 | Y41: =$Q41/($X$4*$V41) -> 0.023613931 | Z41: =$R41/($X$4*$V41) -> 0.0032621056
A42: D2 | B42: V2 | C42: 4 | D42: 0 | E42: 1.6 | F42: 0.681884 | G42: 0.55797235 | H42: 0.19022795 | I42: -0.010908772 | J42: 25.707095 | K42: 2.5265951 | L42: 1.6066749 | M42: 14.56 | O42: =F42+G42 -> 1.2398563 | P42: =H42+I42 -> 0.17931918 | Q42: =O42*COS(RADIANS(D42))-P42*SIN(RADIANS(D42)) -> 1.2398563 | R42: =(O42*SIN(RADIANS(D42)))+(P42*(COS(RADIANS(D42)))) -> 0.17931918 | V42: =0.5*$X$5*$L42^2 -> 1290.7021 | W42: =$O42/($X$4*$V42) -> 0.019684552 | X42: =$P42/($X$4*$V42) -> 0.002846957 | Y42: =$Q42/($X$4*$V42) -> 0.019684552 | Z42: =$R42/($X$4*$V42) -> 0.002846957
A43: D2 | B43: V2 | C43: 5 | D43: 8 | E43: 0.4 | F43: 0.12175135 | G43: -0.059011372 | H43: 0.17142281 | I43: 0.031069468 | J43: 25.702353 | K43: 2.5248251 | L43: 0.40032756 | M43: 15.33 | O43: =F43+G43 -> 0.06273998 | P43: =H43+I43 -> 0.20249228 | Q43: =O43*COS(RADIANS(D43))-P43*SIN(RADIANS(D43)) -> 0.03394792 | R43: =(O43*SIN(RADIANS(D43)))+(P43*(COS(RADIANS(D43)))) -> 0.20925336 | V43: =0.5*$X$5*$L43^2 -> 80.131078 | W43: =$O43/($X$4*$V43) -> 0.016044403 | X43: =$P43/($X$4*$V43) -> 0.051783055 | Y43: =$Q43/($X$4*$V43) -> 0.0086814519 | Z43: =$R43/($X$4*$V43) -> 0.053512055
A44: D2 | B44: V2 | C44: 6 | D44: 8 | E44: 0.8 | F44: 0.70327842 | G44: -0.17227403 | H44: 0.7533636 | I44: 0.050258575 | J44: 25.702596 | K44: 2.5228219 | L44: 0.80967196 | M44: 15.47 | O44: =F44+G44 -> 0.53100439 | P44: =H44+I44 -> 0.80362217 | Q44: =O44*COS(RADIANS(D44))-P44*SIN(RADIANS(D44)) -> 0.4139941 | R44: =(O44*SIN(RADIANS(D44)))+(P44*(COS(RADIANS(D44)))) -> 0.86970291 | V44: =0.5*$X$5*$L44^2 -> 327.78434 | W44: =$O44/($X$4*$V44) -> 0.033196331 | X44: =$P44/($X$4*$V44) -> 0.050239335 | Y44: =$Q44/($X$4*$V44) -> 0.025881302 | Z44: =$R44/($X$4*$V44) -> 0.054370446
A45: D2 | B45: V2 | C45: 7 | D45: 8 | E45: 1.2 | F45: 1.5304944 | G45: -0.57905444 | H45: 1.8573221 | I45: 0.19627322 | J45: 25.702596 | K45: 2.523867 | L45: 1.1992925 | O45: =F45+G45 -> 0.95143993 | P45: =H45+I45 -> 2.0535953 | Q45: =O45*COS(RADIANS(D45))-P45*SIN(RADIANS(D45)) -> 0.65637535 | R45: =(O45*SIN(RADIANS(D45)))+(P45*(COS(RADIANS(D45)))) -> 2.1660247 | V45: =0.5*$X$5*$L45^2 -> 719.15126 | W45: =$O45/($X$4*$V45) -> 0.027110736 | X45: =$P45/($X$4*$V45) -> 0.058516022 | Y45: =$Q45/($X$4*$V45) -> 0.01870304 | Z45: =$R45/($X$4*$V45) -> 0.061719634
A46: D2 | B46: V2 | C46: 8 | D46: 8 | E46: 1.6 | F46: 2.7560532 | G46: -1.0733313 | H46: 3.3127392 | I46: 0.23491272 | J46: 25.702301 | K46: 2.5269108 | L46: 1.6056374 | N46: Final run of the day | O46: =F46+G46 -> 1.6827219 | P46: =H46+I46 -> 3.547652 | Q46: =O46*COS(RADIANS(D46))-P46*SIN(RADIANS(D46)) -> 1.172608 | R46: =(O46*SIN(RADIANS(D46)))+(P46*(COS(RADIANS(D46)))) -> 3.7473161 | V46: =0.5*$X$5*$L46^2 -> 1289.0357 | W46: =$O46/($X$4*$V46) -> 0.026750234 | X46: =$P46/($X$4*$V46) -> 0.056397032 | Y46: =$Q46/($X$4*$V46) -> 0.018640953 | Z46: =$R46/($X$4*$V46) -> 0.059571092
A47: D3 | B47: V2 | C47: 9 | D47: 8 | E47: 1.6 | F47: 2.8157312 | G47: -1.0104013 | H47: 3.1109509 | I47: 0.23392678 | J47: 16.751773 | K47: 2.5100771 | L47: 1.6035809 | N47: dropped model again to even water line | O47: =F47+G47 -> 1.8053298 | P47: =H47+I47 -> 3.3448777 | Q47: =O47*COS(RADIANS(D47))-P47*SIN(RADIANS(D47)) -> 1.3222435 | R47: =(O47*SIN(RADIANS(D47)))+(P47*(COS(RADIANS(D47)))) -> 3.5635789 | V47: =0.5*$X$5*$L47^2 -> 1285.7358 | W47: =$O47/($X$4*$V47) -> 0.02877299 | X47: =$P47/($X$4*$V47) -> 0.053309999 | Y47: =$Q47/($X$4*$V47) -> 0.021073655 | Z47: =$R47/($X$4*$V47) -> 0.056795616
A48: D3 | B48: V2 | C48: 10 | D48: 8 | E48: 1.6 | F48: 2.5461835 | G48: -0.90896537 | H48: 2.708111 | I48: 0.27124772 | J48: 19.024453 | K48: 2.5123917 | L48: 1.6035679 | N48: good run, wrong clapper board used in test | O48: =F48+G48 -> 1.6372182 | P48: =H48+I48 -> 2.9793587 | Q48: =O48*COS(RADIANS(D48))-P48*SIN(RADIANS(D48)) -> 1.2066383 | R48: =(O48*SIN(RADIANS(D48)))+(P48*(COS(RADIANS(D48)))) -> 3.1782205 | V48: =0.5*$X$5*$L48^2 -> 1285.715 | W48: =$O48/($X$4*$V48) -> 0.026094082 | X48: =$P48/($X$4*$V48) -> 0.047485199 | Y48: =$Q48/($X$4*$V48) -> 0.019231473 | Z48: =$R48/($X$4*$V48) -> 0.05065467
A49: D3 | B49: V2 | C49: 11 | D49: 16 | E49: 0.4 | F49: 0.33135286 | G49: -0.15826096 | H49: 0.43811511 | I49: 0.088890697 | J49: 19.027666 | K49: 2.5041832 | L49: 0.40042878 | O49: =F49+G49 -> 0.1730919 | P49: =H49+I49 -> 0.52700581 | Q49: =O49*COS(RADIANS(D49))-P49*SIN(RADIANS(D49)) -> 0.021124126 | R49: =(O49*SIN(RADIANS(D49)))+(P49*(COS(RADIANS(D49)))) -> 0.55430109 | V49: =0.5*$X$5*$L49^2 -> 80.171604 | W49: =$O49/($X$4*$V49) -> 0.044242163 | X49: =$P49/($X$4*$V49) -> 0.1347023 | Y49: =$Q49/($X$4*$V49) -> 0.005399311 | Z49: =$R49/($X$4*$V49) -> 0.14167895
A50: D3 | B50: V2 | C50: 12 | D50: 16 | E50: 0.8 | F50: 1.5331169 | G50: -0.60543755 | H50: 1.9382707 | I50: 0.34266296 | J50: 19.026856 | K50: 2.5097573 | L50: 0.81018731 | O50: =F50+G50 -> 0.92767938 | P50: =H50+I50 -> 2.2809337 | Q50: =O50*COS(RADIANS(D50))-P50*SIN(RADIANS(D50)) -> 0.26303212 | R50: =(O50*SIN(RADIANS(D50)))+(P50*(COS(RADIANS(D50)))) -> 2.4482773 | V50: =0.5*$X$5*$L50^2 -> 328.20174 | W50: =$O50/($X$4*$V50) -> 0.057921154 | X50: =$P50/($X$4*$V50) -> 0.14241376 | Y50: =$Q50/($X$4*$V50) -> 0.016422833 | Z50: =$R50/($X$4*$V50) -> 0.15286213
A51: D3 | B51: V2 | C51: 13 | D51: 16 | E51: 1.2 | F51: 3.4080269 | G51: -1.3366948 | H51: 4.4499516 | I51: 0.89832634 | J51: 19.02637 | K51: 2.5060122 | L51: 1.1978846 | O51: =F51+G51 -> 2.071332 | P51: =H51+I51 -> 5.348278 | Q51: =O51*COS(RADIANS(D51))-P51*SIN(RADIANS(D51)) -> 0.51690693 | R51: =(O51*SIN(RADIANS(D51)))+(P51*(COS(RADIANS(D51)))) -> 5.7120312 | V51: =0.5*$X$5*$L51^2 -> 717.4637 | W51: =$O51/($X$4*$V51) -> 0.059160245 | X51: =$P51/($X$4*$V51) -> 0.15275457 | Y51: =$Q51/($X$4*$V51) -> 0.014763611 | Z51: =$R51/($X$4*$V51) -> 0.16314389
A52: D3 | B52: V2 | C52: 14 | D52: 16 | E52: 1.6 | F52: 6.232169 | G52: -2.6919097 | H52: 7.3773788 | I52: 0.83076242 | J52: 19.027779 | K52: 2.507026 | L52: 1.6058393 | N52: water over bow a bit. Adjusted angle?? | O52: =F52+G52 -> 3.5402593 | P52: =H52+I52 -> 8.2081412 | Q52: =O52*COS(RADIANS(D52))-P52*SIN(RADIANS(D52)) -> 1.1406453 | R52: =(O52*SIN(RADIANS(D52)))+(P52*(COS(RADIANS(D52)))) -> 8.8659994 | V52: =0.5*$X$5*$L52^2 -> 1289.3599 | W52: =$O52/($X$4*$V52) -> 0.056265356 | X52: =$P52/($X$4*$V52) -> 0.13045202 | Y52: =$Q52/($X$4*$V52) -> 0.01812828 | Z52: =$R52/($X$4*$V52) -> 0.14090737
A53: D3 | B53: V2 | C53: 15 | D53: 24 | E53: 0.4 | F53: 0.71289397 | G53: -0.24576951 | H53: 0.78044928 | I53: 0.14822846 | J53: 19.029286 | K53: 2.5114122 | L53: 0.40032908 | O53: =F53+G53 -> 0.46712446 | P53: =H53+I53 -> 0.92867774 | Q53: =O53*COS(RADIANS(D53))-P53*SIN(RADIANS(D53)) -> 0.049012164 | R53: =(O53*SIN(RADIANS(D53)))+(P53*(COS(RADIANS(D53)))) -> 1.038386 | V53: =0.5*$X$5*$L53^2 -> 80.131688 | W53: =$O53/($X$4*$V53) -> 0.11945615 | X53: =$P53/($X$4*$V53) -> 0.23748759 | Y53: =$Q53/($X$4*$V53) -> 0.012533714 | Z53: =$R53/($X$4*$V53) -> 0.2655429
A54: D3 | B54: V2 | C54: 16 | D54: 24 | E54: 0.8 | F54: 2.9346175 | G54: -1.0584615 | H54: 3.1429273 | I54: 0.5536973 | J54: 19.029043 | K54: 2.5099315 | L54: 0.80901095 | O54: =F54+G54 -> 1.876156 | P54: =H54+I54 -> 3.6966247 | Q54: =O54*COS(RADIANS(D54))-P54*SIN(RADIANS(D54)) -> 0.21040114 | R54: =(O54*SIN(RADIANS(D54)))+(P54*(COS(RADIANS(D54)))) -> 4.1401361 | V54: =0.5*$X$5*$L54^2 -> 327.24935 | W54: =$O54/($X$4*$V54) -> 0.11748173 | X54: =$P54/($X$4*$V54) -> 0.23147641 | Y54: =$Q54/($X$4*$V54) -> 0.013174965 | Z54: =$R54/($X$4*$V54) -> 0.25924835
A55: D3 | B55: V2 | C55: 17 | D55: 24 | E55: 1.2 | F55: 5.3835364 | G55: -1.4481343 | H55: 6.0608638 | I55: 1.1237642 | J55: 19.028071 | K55: 2.5094961 | L55: 1.1947297 | N55: a Little water over bow. Reduce speed to 1.0m/s to capture curve more accurately | O55: =F55+G55 -> 3.935402 | P55: =H55+I55 -> 7.184628 | Q55: =O55*COS(RADIANS(D55))-P55*SIN(RADIANS(D55)) -> 0.67291717 | R55: =(O55*SIN(RADIANS(D55)))+(P55*(COS(RADIANS(D55)))) -> 8.1641565 | V55: =0.5*$X$5*$L55^2 -> 713.68951 | W55: =$O55/($X$4*$V55) -> 0.11299519 | X55: =$P55/($X$4*$V55) -> 0.20628856 | Y55: =$Q55/($X$4*$V55) -> 0.019321128 | Z55: =$R55/($X$4*$V55) -> 0.23441327
A56: D3 | B56: V2 | C56: 18 | D56: 24 | E56: 1 | F56: 4.415309 | G56: -1.3856266 | H56: 4.9438911 | I56: 0.77264683 | J56: 19.027423 | K56: 2.5081025 | L56: 1.0031924 | M56: 14.12 | O56: =F56+G56 -> 3.0296824 | P56: =H56+I56 -> 5.716538 | Q56: =O56*COS(RADIANS(D56))-P56*SIN(RADIANS(D56)) -> 0.44262714 | R56: =(O56*SIN(RADIANS(D56)))+(P56*(COS(RADIANS(D56)))) -> 6.4546001 | V56: =0.5*$X$5*$L56^2 -> 503.19746 | W56: =$O56/($X$4*$V56) -> 0.12337832 | X56: =$P56/($X$4*$V56) -> 0.23279563 | Y56: =$Q56/($X$4*$V56) -> 0.018025187 | Z56: =$R56/($X$4*$V56) -> 0.26285188
A58: D3 | B58: V3 | C58: 19 | D58: 0 | E58: 0.4 | F58: 0.043555884 | G58: 0.025549054 | H58: 0.56585521 | I58: -0.010525364 | J58: 19.028395 | K58: 2.5041832 | L58: 0.39913891 | N58: Waterline initially not perfect. Weight on stern to even waterline. Lowered model slightly. Twater = 19 degC | O58: =F58+G58 -> 0.069104938 | P58: =H58+I58 -> 0.55532984 | Q58: =O58*COS(RADIANS(D58))-P58*SIN(RADIANS(D58)) -> 0.069104938 | R58: =(O58*SIN(RADIANS(D58)))+(P58*(COS(RADIANS(D58)))) -> 0.55532984 | V58: =0.5*$X$5*$L58^2 -> 79.655935 | W58: =$O58/($X$4*$V58) -> 0.017777518 | X58: =$P58/($X$4*$V58) -> 0.14286079 | Y58: =$Q58/($X$4*$V58) -> 0.017777518 | Z58: =$R58/($X$4*$V58) -> 0.14286079
B59: V3 | C59: 20 | D59: 0 | E59: 0.4 | F59: 0.019267219 | G59: 0.00757534 | H59: -0.091291612 | I59: 0.010730915 | J59: 19.029205 | K59: 2.5068832 | L59: 0.39914658 | N59: re-done at 0.4 m/s because had a large sideforce in previous test. Removed weight for this test and added shim plate.Pushed hard to port | O59: =F59+G59 -> 0.026842559 | P59: =H59+I59 -> -0.080560697 | Q59: =O59*COS(RADIANS(D59))-P59*SIN(RADIANS(D59)) -> 0.026842559 | R59: =(O59*SIN(RADIANS(D59)))+(P59*(COS(RADIANS(D59)))) -> -0.080560697 | V59: =0.5*$X$5*$L59^2 -> 79.658997 | W59: =$O59/($X$4*$V59) -> 0.0069050887 | X59: =$P59/($X$4*$V59) -> -0.02072376 | Y59: =$Q59/($X$4*$V59) -> 0.0069050887 | Z59: =$R59/($X$4*$V59) -> -0.02072376
A60: D3 | B60: V3 | C60: 21 | D60: 0 | E60: 0.8 | F60: 0.15587021 | G60: 0.059043216 | H60: 0.36440589 | I60: -0.022851435 | J60: 19.029934 | K60: 2.5045315 | L60: 0.81058609 | O60: =F60+G60 -> 0.21491342 | P60: =H60+I60 -> 0.34155445 | Q60: =O60*COS(RADIANS(D60))-P60*SIN(RADIANS(D60)) -> 0.21491342 | R60: =(O60*SIN(RADIANS(D60)))+(P60*(COS(RADIANS(D60)))) -> 0.34155445 | V60: =0.5*$X$5*$L60^2 -> 328.5249 | W60: =$O60/($X$4*$V60) -> 0.013405266 | X60: =$P60/($X$4*$V60) -> 0.021304524 | Y60: =$Q60/($X$4*$V60) -> 0.013405266 | Z60: =$R60/($X$4*$V60) -> 0.021304524
A61: D3 | B61: V3 | C61: 22 | D61: 0 | E61: 1.2 | F61: 0.34320565 | G61: 0.14194786 | H61: 0.32610131 | I61: -0.047274988 | J61: 19.031796 | K61: 2.5048799 | L61: 1.1946438 | N61: Getting very strange data especially from sideforce. Re test some cases | O61: =F61+G61 -> 0.48515351 | P61: =H61+I61 -> 0.27882632 | Q61: =O61*COS(RADIANS(D61))-P61*SIN(RADIANS(D61)) -> 0.48515351 | R61: =(O61*SIN(RADIANS(D61)))+(P61*(COS(RADIANS(D61)))) -> 0.27882632 | V61: =0.5*$X$5*$L61^2 -> 713.58689 | W61: =$O61/($X$4*$V61) -> 0.013931969 | X61: =$P61/($X$4*$V61) -> 0.0080069493 | Y61: =$Q61/($X$4*$V61) -> 0.013931969 | Z61: =$R61/($X$4*$V61) -> 0.0080069493
A62: D3 | B62: V3 | C62: 23 | D62: 0 | E62: 0.8 | F62: 0.1524201 | G62: 0.070419 | H62: 0.033959206 | I62: -0.014502842 | J62: 19.038275 | K62: 2.5059251 | L62: 0.80943578 | N62: Still getting strange data. Decide to remove model and re-test all conditions on day 4 | O62: =F62+G62 -> 0.2228391 | P62: =H62+I62 -> 0.019456364 | Q62: =O62*COS(RADIANS(D62))-P62*SIN(RADIANS(D62)) -> 0.2228391 | R62: =(O62*SIN(RADIANS(D62)))+(P62*(COS(RADIANS(D62)))) -> 0.019456364 | V62: =0.5*$X$5*$L62^2 -> 327.59314 | W62: =$O62/($X$4*$V62) -> 0.013939165 | X62: =$P62/($X$4*$V62) -> 0.0012170462 | Y62: =$Q62/($X$4*$V62) -> 0.013939165 | Z62: =$R62/($X$4*$V62) -> 0.0012170462
A63: D4 | B63: V3 | C63: 24 | D63: 0 | E63: 0.4 | F63: 0.021046354 | G63: 0.012003045 | H63: 0.007231851 | I63: -0.006516715 | J63: 14.109663 | K63: 2.6271638 | L63: 0.40046712 | M63: 9.26 | N63: Twater = 16 | O63: =F63+G63 -> 0.033049399 | P63: =H63+I63 -> 0.000715136 | Q63: =O63*COS(RADIANS(D63))-P63*SIN(RADIANS(D63)) -> 0.033049399 | R63: =(O63*SIN(RADIANS(D63)))+(P63*(COS(RADIANS(D63)))) -> 0.000715136 | V63: =0.5*$X$5*$L63^2 -> 80.186959 | W63: =$O63/($X$4*$V63) -> 0.0084457846 | X63: =$P63/($X$4*$V63) -> 0.00018275324 | Y63: =$Q63/($X$4*$V63) -> 0.0084457846 | Z63: =$R63/($X$4*$V63) -> 0.00018275324
A64: D4 | B64: V3 | C64: 25 | D64: 0 | E64: 0.8 | F64: 0.11523545 | G64: 0.035644741 | H64: 0.055760074 | I64: -0.019477533 | J64: 14.11436 | K64: 2.6225477 | L64: 0.808833 | M64: 9.37 | O64: =F64+G64 -> 0.15088019 | P64: =H64+I64 -> 0.036282541 | Q64: =O64*COS(RADIANS(D64))-P64*SIN(RADIANS(D64)) -> 0.15088019 | R64: =(O64*SIN(RADIANS(D64)))+(P64*(COS(RADIANS(D64)))) -> 0.036282541 | V64: =0.5*$X$5*$L64^2 -> 327.10541 | W64: =$O64/($X$4*$V64) -> 0.0094520207 | X64: =$P64/($X$4*$V64) -> 0.0022729514 | Y64: =$Q64/($X$4*$V64) -> 0.0094520207 | Z64: =$R64/($X$4*$V64) -> 0.0022729514
A65: D4 | B65: V3 | C65: 26 | D65: 0 | E65: 1.2 | F65: 0.36786661 | G65: 0.17957532 | H65: 0.13802932 | I65: -0.021595819 | J65: 14.115494 | K65: 2.6211541 | L65: 1.1964935 | M65: 9.52 | O65: =F65+G65 -> 0.54744193 | P65: =H65+I65 -> 0.1164335 | Q65: =O65*COS(RADIANS(D65))-P65*SIN(RADIANS(D65)) -> 0.54744193 | R65: =(O65*SIN(RADIANS(D65)))+(P65*(COS(RADIANS(D65)))) -> 0.1164335 | V65: =0.5*$X$5*$L65^2 -> 715.7983 | W65: =$O65/($X$4*$V65) -> 0.015672114 | X65: =$P65/($X$4*$V65) -> 0.0033332469 | Y65: =$Q65/($X$4*$V65) -> 0.015672114 | Z65: =$R65/($X$4*$V65) -> 0.0033332469
A66: D4 | B66: V3 | C66: 27 | D66: 4 | E66: 0.4 | F66: 0.060814221 | G66: -0.03786081 | H66: 0.095815391 | I66: 0.005925148 | J66: 14.115899 | K66: 2.6189767 | L66: 0.39939811 | M66: 10.19 | O66: =F66+G66 -> 0.022953411 | P66: =H66+I66 -> 0.10174054 | Q66: =O66*COS(RADIANS(D66))-P66*SIN(RADIANS(D66)) -> 0.015800436 | R66: =(O66*SIN(RADIANS(D66)))+(P66*(COS(RADIANS(D66)))) -> 0.10309385 | V66: =0.5*$X$5*$L66^2 -> 79.759427 | W66: =$O66/($X$4*$V66) -> 0.0058971936 | X66: =$P66/($X$4*$V66) -> 0.026139194 | Y66: =$Q66/($X$4*$V66) -> 0.0040594504 | Z66: =$R66/($X$4*$V66) -> 0.026486887
A67: D4 | B67: V3 | C67: 28 | D67: 4 | E67: 0.8 | F67: 0.37278871 | G67: -0.1015871 | H67: 0.41695452 | I67: 0.001960388 | J67: 14.111607 | K67: 2.621067 | L67: 0.80615513 | M67: 10.33 | O67: =F67+G67 -> 0.27120161 | P67: =H67+I67 -> 0.41891491 | Q67: =O67*COS(RADIANS(D67))-P67*SIN(RADIANS(D67)) -> 0.24131895 | R67: =(O67*SIN(RADIANS(D67)))+(P67*(COS(RADIANS(D67)))) -> 0.43681252 | V67: =0.5*$X$5*$L67^2 -> 324.94304 | W67: =$O67/($X$4*$V67) -> 0.01710272 | X67: =$P67/($X$4*$V67) -> 0.026417928 | Y67: =$Q67/($X$4*$V67) -> 0.015218238 | Z67: =$R67/($X$4*$V67) -> 0.027546601
A68: D4 | B68: V3 | C68: 29 | D68: 4 | E68: 1.2 | F68: 0.83624516 | G68: -0.27877865 | H68: 0.95276234 | I68: 0.044861285 | J68: 14.113712 | K68: 2.6239412 | L68: 1.1966284 | M68: 11.07 | N68: adjusted to 8degs | O68: =F68+G68 -> 0.55746651 | P68: =H68+I68 -> 0.99762363 | Q68: =O68*COS(RADIANS(D68))-P68*SIN(RADIANS(D68)) -> 0.48651784 | R68: =(O68*SIN(RADIANS(D68)))+(P68*(COS(RADIANS(D68)))) -> 1.0340804 | V68: =0.5*$X$5*$L68^2 -> 715.9598 | W68: =$O68/($X$4*$V68) -> 0.015955496 | X68: =$P68/($X$4*$V68) -> 0.028553429 | Y68: =$Q68/($X$4*$V68) -> 0.013924843 | Z68: =$R68/($X$4*$V68) -> 0.029596873
A69: D4 | B69: V3 | C69: 30 | D69: 8 | E69: 0.4 | F69: 0.19432282 | G69: -0.057865093 | H69: 0.22093576 | I69: 0.013068879 | J69: 14.110635 | K69: 2.6244638 | L69: 0.39947481 | O69: =F69+G69 -> 0.13645773 | P69: =H69+I69 -> 0.23400464 | Q69: =O69*COS(RADIANS(D69))-P69*SIN(RADIANS(D69)) -> 0.10256258 | R69: =(O69*SIN(RADIANS(D69)))+(P69*(COS(RADIANS(D69)))) -> 0.25071857 | V69: =0.5*$X$5*$L69^2 -> 79.790064 | W69: =$O69/($X$4*$V69) -> 0.035045277 | X69: =$P69/($X$4*$V69) -> 0.060097421 | Y69: =$Q69/($X$4*$V69) -> 0.026340274 | Z69: =$R69/($X$4*$V69) -> 0.064389917
A70: D4 | B70: V3 | C70: 31 | D70: 8 | E70: 0.8 | F70: 0.67018778 | G70: -0.44251212 | H70: 0.98631027 | I70: 0.080697616 | J70: 14.109015 | K70: 2.6201961 | L70: 0.8094005 | O70: =F70+G70 -> 0.22767566 | P70: =H70+I70 -> 1.0670079 | Q70: =O70*COS(RADIANS(D70))-P70*SIN(RADIANS(D70)) -> 0.07696114 | R70: =(O70*SIN(RADIANS(D70)))+(P70*(COS(RADIANS(D70)))) -> 1.0883102 | V70: =0.5*$X$5*$L70^2 -> 327.56459 | W70: =$O70/($X$4*$V70) -> 0.014242946 | X70: =$P70/($X$4*$V70) -> 0.066749938 | Y70: =$Q70/($X$4*$V70) -> 0.0048145392 | Z70: =$R70/($X$4*$V70) -> 0.068082567
A71: D4 | B71: V3 | C71: 32 | D71: 8 | E71: 1.2 | F71: 1.6707823 | G71: -0.88324631 | H71: 2.2040566 | I71: 0.17844664 | J71: 14.102455 | K71: 2.6229832 | L71: 1.1938263 | N71: set model to 12 degrees | O71: =F71+G71 -> 0.78753595 | P71: =H71+I71 -> 2.3825032 | Q71: =O71*COS(RADIANS(D71))-P71*SIN(RADIANS(D71)) -> 0.44829134 | R71: =(O71*SIN(RADIANS(D71)))+(P71*(COS(RADIANS(D71)))) -> 2.4689207 | V71: =0.5*$X$5*$L71^2 -> 712.61063 | W71: =$O71/($X$4*$V71) -> 0.022646353 | X71: =$P71/($X$4*$V71) -> 0.068511169 | Y71: =$Q71/($X$4*$V71) -> 0.012891048 | Z71: =$R71/($X$4*$V71) -> 0.070996186
A72: D4 | B72: V3 | C72: 33 | D72: 12 | E72: 0.4 | F72: 0.25932135 | G72: -0.16614825 | H72: 0.41657707 | I72: 0.077353929 | J72: 14.101564 | K72: 2.6186284 | L72: 0.39940425 | O72: =F72+G72 -> 0.093173092 | P72: =H72+I72 -> 0.493931 | Q72: =O72*COS(RADIANS(D72))-P72*SIN(RADIANS(D72)) -> -0.011556993 | R72: =(O72*SIN(RADIANS(D72)))+(P72*(COS(RADIANS(D72)))) -> 0.5025092 | V72: =0.5*$X$5*$L72^2 -> 79.761877 | W72: =$O72/($X$4*$V72) -> 0.023937309 | X72: =$P72/($X$4*$V72) -> 0.12689693 | Y72: =$Q72/($X$4*$V72) -> -0.0029691331 | Z72: =$R72/($X$4*$V72) -> 0.12910077
A73: D4 | B73: V3 | C73: 34 | D73: 12 | E73: 0.8 | F73: 1.3398813 | G73: -0.65067857 | H73: 1.7280448 | I73: 0.1553999 | J73: 14.099621 | K73: 2.6196735 | L73: 0.80926551 | M73: 13.03 | O73: =F73+G73 -> 0.68920275 | P73: =H73+I73 -> 1.8834447 | Q73: =O73*COS(RADIANS(D73))-P73*SIN(RADIANS(D73)) -> 0.28255185 | R73: =(O73*SIN(RADIANS(D73)))+(P73*(COS(RADIANS(D73)))) -> 1.9855802 | V73: =0.5*$X$5*$L73^2 -> 327.45534 | W73: =$O73/($X$4*$V73) -> 0.043129568 | X73: =$P73/($X$4*$V73) -> 0.11786395 | Y73: =$Q73/($X$4*$V73) -> 0.017681791 | Z73: =$R73/($X$4*$V73) -> 0.12425548
A74: D4 | B74: V3 | C74: 35 | D74: 12 | E74: 1.2 | F74: 2.647947 | G74: -1.413669 | H74: 3.8077909 | I74: 0.58679051 | J74: 14.097191 | K74: 2.6201961 | L74: 1.1966545 | M74: 14 | N74: Adjust to 16 degrees | O74: =F74+G74 -> 1.234278 | P74: =H74+I74 -> 4.3945814 | Q74: =O74*COS(RADIANS(D74))-P74*SIN(RADIANS(D74)) -> 0.29362123 | R74: =(O74*SIN(RADIANS(D74)))+(P74*(COS(RADIANS(D74)))) -> 4.55517 | V74: =0.5*$X$5*$L74^2 -> 715.991 | W74: =$O74/($X$4*$V74) -> 0.035325279 | X74: =$P74/($X$4*$V74) -> 0.12577378 | Y74: =$Q74/($X$4*$V74) -> 0.0084034972 | Z74: =$R74/($X$4*$V74) -> 0.13036986
A75: D4 | B75: V3 | C75: 36 | D75: 16 | E75: 0.4 | F75: 0.47091592 | G75: -0.22644687 | H75: 0.64302979 | I75: 0.096492266 | J75: 14.099621 | K75: 2.6154058 | L75: 0.40080609 | O75: =F75+G75 -> 0.24446905 | P75: =H75+I75 -> 0.73952205 | Q75: =O75*COS(RADIANS(D75))-P75*SIN(RADIANS(D75)) -> 0.031158831 | R75: =(O75*SIN(RADIANS(D75)))+(P75*(COS(RADIANS(D75)))) -> 0.77825902 | V75: =0.5*$X$5*$L75^2 -> 80.322762 | W75: =$O75/($X$4*$V75) -> 0.062368518 | X75: =$P75/($X$4*$V75) -> 0.18866558 | Y75: =$Q75/($X$4*$V75) -> 0.0079491866 | Z75: =$R75/($X$4*$V75) -> 0.19854809
A76: D4 | B76: V3 | C76: 37 | D76: 16 | E76: 0.8 | F76: 1.797136 | G76: -0.86077527 | H76: 2.5523702 | I76: 0.43354509 | J76: 14.098649 | K76: 2.6162768 | L76: 0.80830083 | O76: =F76+G76 -> 0.93636077 | P76: =H76+I76 -> 2.9859152 | Q76: =O76*COS(RADIANS(D76))-P76*SIN(RADIANS(D76)) -> 0.077057962 | R76: =(O76*SIN(RADIANS(D76)))+(P76*(COS(RADIANS(D76)))) -> 3.128342 | V76: =0.5*$X$5*$L76^2 -> 326.67511 | W76: =$O76/($X$4*$V76) -> 0.058736402 | X76: =$P76/($X$4*$V76) -> 0.18730165 | Y76: =$Q76/($X$4*$V76) -> 0.0048337217 | Z76: =$R76/($X$4*$V76) -> 0.19623585
A77: D4 | B77: V3 | C77: 38 | D77: 16 | E77: 1.2 | F77: 4.1468372 | G77: -2.1039052 | H77: 5.7375318 | I77: 0.73532995 | J77: 14.096381 | K77: 2.6194993 | L77: 1.1968094 | N77: Final test of the day. Model removed 15.37pm | O77: =F77+G77 -> 2.042932 | P77: =H77+I77 -> 6.4728617 | Q77: =O77*COS(RADIANS(D77))-P77*SIN(RADIANS(D77)) -> 0.17962976 | R77: =(O77*SIN(RADIANS(D77)))+(P77*(COS(RADIANS(D77)))) -> 6.7852224 | V77: =0.5*$X$5*$L77^2 -> 716.17639 | W77: =$O77/($X$4*$V77) -> 0.05845398 | X77: =$P77/($X$4*$V77) -> 0.18520662 | Y77: =$Q77/($X$4*$V77) -> 0.0051397083 | Z77: =$R77/($X$4*$V77) -> 0.19414413

Sheet Results vs speed
A1: Edited 23/10/13, 24/10/13 | P1: U | Q1: V1 | R1: V2
A2: Edited 22/8/22 by RF for submission to JST. V1,2,3 changed to U, V1, V2 | L2: 0° | P2: =P$1&", "&$L2 -> U, 0° | Q2: =Q$1&", "&$L2 -> V1, 0° | R2: =R$1&", "&$L2 -> V2, 0°
L3: 4° | P3: =P$1&", "&$L3 -> U, 4° | Q3: =Q$1&", "&$L3 -> V1, 4° | R3: =R$1&", "&$L3 -> V2, 4°
A4: Note dummy yellow rows inserted to keep legend ordered | L4: 8° | P4: =P$1&", "&$L4 -> U, 8° | Q4: =Q$1&", "&$L4 -> V1, 8° | R4: =R$1&", "&$L4 -> V2, 8°
L5: 12° | P5: =P$1&", "&$L5 -> U, 12° | Q5: =Q$1&", "&$L5 -> V1, 12° | R5: =R$1&", "&$L5 -> V2, 12°
L6: 16° | P6: =P$1&", "&$L6 -> U, 16° | Q6: =Q$1&", "&$L6 -> V1, 16° | R6: =R$1&", "&$L6 -> V2, 16°
L7: 24° | P7: =P$1&", "&$L7 -> U, 24° | Q7: =Q$1&", "&$L7 -> V1, 24° | R7: =R$1&", "&$L7 -> V2, 24°
J10: ='Averaged Data'!J10 -> Measured | K10: ='Averaged Data'!K10 -> Measured | L10: ='Averaged Data'!L10 -> Measured | M10: ='Averaged Data'!M10 -> Time | N10: ='Averaged Data'!N10 -> Comment | O10: ='Averaged Data'!O10 -> Calc | P10: ='Averaged Data'!P10 -> Calc | Q10: ='Averaged Data'!Q10 -> Calc | R10: ='Averaged Data'!R10 -> Calc | V10: ='Averaged Data'!V10 -> dynamic pressure | W10: ='Averaged Data'!W10 -> coefts | X10: ='Averaged Data'!X10 -> coefts | Y10: ='Averaged Data'!Y10 -> coefts | Z10: ='Averaged Data'!Z10 -> coefts
W11: ='Averaged Data'!W11 -> Coefficients
A12: ='Averaged Data'!A12 -> Day | B12: ='Averaged Data'!B12 -> Model | C12: ='Averaged Data'!C12 -> Test | D12: ='Averaged Data'!D12 -> Yaw | E12: ='Averaged Data'!E12 -> Speed | J12: ='Averaged Data'!J12 -> Heave | K12: ='Averaged Data'!K12 -> Pitch | L12: ='Averaged Data'!L12 -> Velocity | O12: ='Averaged Data'!O12 -> Total Drag | P12: ='Averaged Data'!P12 -> Total Lift | Q12: ='Averaged Data'!Q12 -> Resistance | R12: ='Averaged Data'!R12 -> Sideforce | V12: ='Averaged Data'!V12 -> q [N/m2] | W12: ='Averaged Data'!W12 -> CD | X12: ='Averaged Data'!X12 -> CL | Y12: ='Averaged Data'!Y12 -> CR | Z12: ='Averaged Data'!Z12 -> CS
A13: ='Averaged Data'!A13 -> 0 | B13: ='Averaged Data'!B13 -> shape | C13: ='Averaged Data'!C13 -> number | D13: ='Averaged Data'!D13 -> deg | E13: ='Averaged Data'!E13 -> m/s | J13: ='Averaged Data'!J13 -> mm | K13: ='Averaged Data'!K13 -> deg | L13: ='Averaged Data'!L13 -> m/s | O13: ='Averaged Data'!O13 -> N | P13: ='Averaged Data'!P13 -> N | Q13: ='Averaged Data'!Q13 -> N | R13: ='Averaged Data'!R13 -> N
A15: ='Averaged Data'!A17 -> D1 | B15: ='Averaged Data'!B17 -> V1 | C15: ='Averaged Data'!C17 -> 2 | D15: ='Averaged Data'!D17 -> 0 | E15: ='Averaged Data'!E17 -> 0.4 | J15: ='Averaged Data'!J17 -> 29.737275 | K15: ='Averaged Data'!K17 -> 2.5435509 | L15: ='Averaged Data'!L17 -> 0.39915733 | M15: ='Averaged Data'!M17 -> 0 | N15: ='Averaged Data'!N17 -> 0 | O15: ='Averaged Data'!O17 -> 0.008227737 | P15: ='Averaged Data'!P17 -> 0.051265825 | Q15: ='Averaged Data'!Q17 -> 0.008227737 | R15: ='Averaged Data'!R17 -> 0.051265825 | V15: ='Averaged Data'!V17 -> 79.663288 | W15: ='Averaged Data'!W17 -> 0.0021164224 | X15: ='Averaged Data'!X17 -> 0.013187118 | Y15: ='Averaged Data'!Y17 -> 0.0021164224 | Z15: ='Averaged Data'!Z17 -> 0.013187118
A16: ='Averaged Data'!A18 -> D1 | B16: ='Averaged Data'!B18 -> V1 | C16: ='Averaged Data'!C18 -> 3 | D16: ='Averaged Data'!D18 -> 0 | E16: ='Averaged Data'!E18 -> 0.4 | J16: ='Averaged Data'!J18 -> 29.737275 | K16: ='Averaged Data'!K18 -> 2.5444219 | L16: ='Averaged Data'!L18 -> 0.39916652 | M16: ='Averaged Data'!M18 -> 11.04 | N16: ='Averaged Data'!N18 -> good run | O16: ='Averaged Data'!O18 -> 0.09930452 | P16: ='Averaged Data'!P18 -> -0.027159804 | Q16: ='Averaged Data'!Q18 -> 0.09930452 | R16: ='Averaged Data'!R18 -> -0.027159804 | V16: ='Averaged Data'!V18 -> 79.666955 | W16: ='Averaged Data'!W18 -> 0.025542946 | X16: ='Averaged Data'!X18 -> -0.0069860002 | Y16: ='Averaged Data'!Y18 -> 0.025542946 | Z16: ='Averaged Data'!Z18 -> -0.0069860002
A17: ='Averaged Data'!A19 -> D1 | B17: ='Averaged Data'!B19 -> V1 | C17: ='Averaged Data'!C19 -> 4 | D17: ='Averaged Data'!D19 -> 0 | E17: ='Averaged Data'!E19 -> 0.8 | J17: ='Averaged Data'!J19 -> 29.727557 | K17: ='Averaged Data'!K19 -> 2.5452929 | L17: ='Averaged Data'!L19 -> 0.80495266 | M17: ='Averaged Data'!M19 -> 11.27 | N17: ='Averaged Data'!N19 -> 0 | O17: ='Averaged Data'!O19 -> 0.51653595 | P17: ='Averaged Data'!P19 -> -0.034391373 | Q17: ='Averaged Data'!Q19 -> 0.51653595 | R17: ='Averaged Data'!R19 -> -0.034391373 | V17: ='Averaged Data'!V19 -> 323.97439 | W17: ='Averaged Data'!W19 -> 0.032671573 | X17: ='Averaged Data'!X19 -> -0.0021752992 | Y17: ='Averaged Data'!Y19 -> 0.032671573 | Z17: ='Averaged Data'!Z19 -> -0.0021752992
A18: ='Averaged Data'!A20 -> D1 | B18: ='Averaged Data'!B20 -> V1 | C18: ='Averaged Data'!C20 -> 5 | D18: ='Averaged Data'!D20 -> 0 | E18: ='Averaged Data'!E20 -> 1.2 | J18: ='Averaged Data'!J20 -> 29.725532 | K18: ='Averaged Data'!K20 -> 2.5442477 | L18: ='Averaged Data'!L20 -> 1.1953708 | M18: ='Averaged Data'!M20 -> 11.5 | N18: ='Averaged Data'!N20 -> Originally didn't change file name before run. Recovered | O18: ='Averaged Data'!O20 -> 1.6150736 | P18: ='Averaged Data'!P20 -> -0.1898065 | Q18: ='Averaged Data'!Q20 -> 1.6150736 | R18: ='Averaged Data'!R20 -> -0.1898065 | V18: ='Averaged Data'!V20 -> 714.45565 | W18: ='Averaged Data'!W20 -> 0.04632306 | X18: ='Averaged Data'!X20 -> -0.0054439734 | Y18: ='Averaged Data'!Y20 -> 0.04632306 | Z18: ='Averaged Data'!Z20 -> -0.0054439734
A19: ='Averaged Data'!A22 -> D1 | B19: ='Averaged Data'!B22 -> V1 | C19: ='Averaged Data'!C22 -> 6 | D19: ='Averaged Data'!D22 -> 0 | E19: ='Averaged Data'!E22 -> 1.6 | J19: ='Averaged Data'!J22 -> 29.712471 | K19: ='Averaged Data'!K22 -> 2.5437002 | L19: ='Averaged Data'!L22 -> 1.605672 | M19: ='Averaged Data'!M22 -> ~14.35 | N19: ='Averaged Data'!N22 -> re-run of test 6 to confirm bow over the top. From now on only test to 1.2m/s.This test done after test 10 | O19: ='Averaged Data'!O22 -> 2.4866431 | P19: ='Averaged Data'!P22 -> -0.33239352 | Q19: ='Averaged Data'!Q22 -> 2.4866431 | R19: ='Averaged Data'!R22 -> -0.33239352 | V19: ='Averaged Data'!V22 -> 1289.0913 | W19: ='Averaged Data'!W22 -> 0.039528465 | X19: ='Averaged Data'!X22 -> -0.0052838326 | Y19: ='Averaged Data'!Y22 -> 0.039528465 | Z19: ='Averaged Data'!Z22 -> -0.0052838326
A20: ='Averaged Data'!A24 -> D1 | B20: ='Averaged Data'!B24 -> V1 | C20: ='Averaged Data'!C24 -> 8 | D20: ='Averaged Data'!D24 -> 4 | E20: ='Averaged Data'!E24 -> 0.4 | J20: ='Averaged Data'!J24 -> 29.71549 | K20: ='Averaged Data'!K24 -> 2.5423316 | L20: ='Averaged Data'!L24 -> 0.40036896 | M20: ='Averaged Data'!M24 -> 13.25 | N20: ='Averaged Data'!N24 -> 0 | O20: ='Averaged Data'!O24 -> 0.059672465 | P20: ='Averaged Data'!P24 -> 0.03548981 | Q20: ='Averaged Data'!Q24 -> 0.057051462 | R20: ='Averaged Data'!R24 -> 0.039565899 | V20: ='Averaged Data'!V24 -> 80.147652 | W20: ='Averaged Data'!W24 -> 0.015256796 | X20: ='Averaged Data'!X24 -> 0.0090738803 | Y20: ='Averaged Data'!Y24 -> 0.01458667 | Z20: ='Averaged Data'!Z24 -> 0.010116037
A21: ='Averaged Data'!A25 -> D1 | B21: ='Averaged Data'!B25 -> V1 | C21: ='Averaged Data'!C25 -> 9 | D21: ='Averaged Data'!D25 -> 4 | E21: ='Averaged Data'!E25 -> 0.8 | J21: ='Averaged Data'!J25 -> 29.712574 | K21: ='Averaged Data'!K25 -> 2.5452929 | L21: ='Averaged Data'!L25 -> 0.80652782 | M21: ='Averaged Data'!M25 -> 13.4 | N21: ='Averaged Data'!N25 -> 0 | O21: ='Averaged Data'!O25 -> 0.54670944 | P21: ='Averaged Data'!P25 -> 0.057243871 | Q21: ='Averaged Data'!Q25 -> 0.54138455 | R21: ='Averaged Data'!R25 -> 0.09524095 | V21: ='Averaged Data'!V25 -> 325.24356 | W21: ='Averaged Data'!W25 -> 0.034445147 | X21: ='Averaged Data'!X25 -> 0.0036066206 | Y21: ='Averaged Data'!Y25 -> 0.034109655 | Z21: ='Averaged Data'!Z25 -> 0.0060006071
A22: ='Averaged Data'!A27 -> D1 | B22: ='Averaged Data'!B27 -> V1 | C22: ='Averaged Data'!C27 -> 11 | D22: ='Averaged Data'!D27 -> 4 | E22: ='Averaged Data'!E27 -> 1.2 | J22: ='Averaged Data'!J27 -> 29.71055 | K22: ='Averaged Data'!K27 -> 2.5440735 | L22: ='Averaged Data'!L27 -> 1.1985548 | M22: ='Averaged Data'!M27 -> 15.14 | N22: ='Averaged Data'!N27 -> After set to 8deg | O22: ='Averaged Data'!O27 -> 1.73728 | P22: ='Averaged Data'!P27 -> 0.24324865 | Q22: ='Averaged Data'!Q27 -> 1.7160799 | R22: ='Averaged Data'!R27 -> 0.36384264 | V22: ='Averaged Data'!V27 -> 718.26678 | W22: ='Averaged Data'!W27 -> 0.049563757 | X22: ='Averaged Data'!X27 -> 0.0069397662 | Y22: ='Averaged Data'!Y27 -> 0.048958929 | Z22: ='Averaged Data'!Z27 -> 0.010380254
A23: ='Averaged Data'!A26 -> D1 | B23: ='Averaged Data'!B26 -> V1 | C23: ='Averaged Data'!C26 -> 10 | D23: ='Averaged Data'!D26 -> 4 | E23: ='Averaged Data'!E26 -> 1.6 | J23: ='Averaged Data'!J26 -> 29.717892 | K23: ='Averaged Data'!K26 -> 2.5447602 | L23: ='Averaged Data'!L26 -> 1.6057728 | M23: ='Averaged Data'!M26 -> 14.02 | N23: ='Averaged Data'!N26 -> large (or nice) wake pattern | O23: ='Averaged Data'!O26 -> 2.6732155 | P23: ='Averaged Data'!P26 -> 0.70147219 | Q23: ='Averaged Data'!Q26 -> 2.6177715 | R23: ='Averaged Data'!R26 -> 0.88623752 | V23: ='Averaged Data'!V26 -> 1289.2531 | W23: ='Averaged Data'!W26 -> 0.042488945 | X23: ='Averaged Data'!X26 -> 0.011149424 | Y23: ='Averaged Data'!Y26 -> 0.0416077 | Z23: ='Averaged Data'!Z26 -> 0.014086144
A25: ='Averaged Data'!A28 -> D1 | B25: ='Averaged Data'!B28 -> V1 | C25: ='Averaged Data'!C28 -> 12 | D25: ='Averaged Data'!D28 -> 8 | E25: ='Averaged Data'!E28 -> 0.4 | J25: ='Averaged Data'!J28 -> 29.711926 | K25: ='Averaged Data'!K28 -> 2.5410251 | L25: ='Averaged Data'!L28 -> 0.39705455 | M25: ='Averaged Data'!M28 -> 15.4 | N25: ='Averaged Data'!N28 -> 0 | O25: ='Averaged Data'!O28 -> 0.2216323 | P25: ='Averaged Data'!P28 -> 0.043571464 | Q25: ='Averaged Data'!Q28 -> 0.21341142 | R25: ='Averaged Data'!R28 -> 0.073992684 | V25: ='Averaged Data'!V28 -> 78.826159 | W25: ='Averaged Data'!W28 -> 0.057615969 | X25: ='Averaged Data'!X28 -> 0.011326923 | Y25: ='Averaged Data'!Y28 -> 0.055478851 | Z25: ='Averaged Data'!Z28 -> 0.019235284
A26: ='Averaged Data'!A29 -> D1 | B26: ='Averaged Data'!B29 -> V1 | C26: ='Averaged Data'!C29 -> 13 | D26: ='Averaged Data'!D29 -> 8 | E26: ='Averaged Data'!E29 -> 0.8 | J26: ='Averaged Data'!J29 -> 29.710793 | K26: ='Averaged Data'!K29 -> 2.537367 | L26: ='Averaged Data'!L29 -> 0.80848332 | M26: ='Averaged Data'!M29 -> 15.53 | N26: ='Averaged Data'!N29 -> photographed | O26: ='Averaged Data'!O29 -> 0.60233237 | P26: ='Averaged Data'!P29 -> 0.21815929 | Q26: ='Averaged Data'!Q29 -> 0.56610861 | R26: ='Averaged Data'!R29 -> 0.29986464 | V26: ='Averaged Data'!V29 -> 326.82264 | W26: ='Averaged Data'!W29 -> 0.037766284 | X26: ='Averaged Data'!X29 -> 0.013678603 | Y26: ='Averaged Data'!Y29 -> 0.035495051 | Z26: ='Averaged Data'!Z29 -> 0.018801535
A27: ='Averaged Data'!A30 -> D1 | B27: ='Averaged Data'!B30 -> V1 | C27: ='Averaged Data'!C30 -> 14 | D27: ='Averaged Data'!D30 -> 8 | E27: ='Averaged Data'!E30 -> 1.2 | J27: ='Averaged Data'!J30 -> 29.71144 | K27: ='Averaged Data'!K30 -> 2.5420703 | L27: ='Averaged Data'!L30 -> 1.1940426 | M27: ='Averaged Data'!M30 -> 14.29 | N27: ='Averaged Data'!N30 -> photo again. Strange time. Probably 16.29 | O27: ='Averaged Data'!O30 -> 1.8254385 | P27: ='Averaged Data'!P30 -> 0.97098647 | Q27: ='Averaged Data'!Q30 -> 1.6725382 | R27: ='Averaged Data'!R30 -> 1.2155888 | V27: ='Averaged Data'!V30 -> 712.86882 | W27: ='Averaged Data'!W30 -> 0.052473225 | X27: ='Averaged Data'!X30 -> 0.027911536 | Y27: ='Averaged Data'!Y30 -> 0.048078024 | Z27: ='Averaged Data'!Z30 -> 0.034942764
A28: ='Averaged Data'!A31 -> D2 | B28: ='Averaged Data'!B31 -> V1 | C28: ='Averaged Data'!C31 -> 1 | D28: ='Averaged Data'!D31 -> 8 | E28: ='Averaged Data'!E31 -> 1.2 | J28: ='Averaged Data'!J31 -> 29.722714 | K28: ='Averaged Data'!K31 -> 2.5286184 | L28: ='Averaged Data'!L31 -> 1.1942638 | M28: ='Averaged Data'!M31 -> 0 | N28: ='Averaged Data'!N31 -> Ian skimmed tank before tests. Previous test with model rotated bow to port, following tests with bow rotated to starboard. Data recorded for only 5 sec, not 10 sec. After set to 16 degs | O28: ='Averaged Data'!O31 -> 1.3806132 | P28: ='Averaged Data'!P31 -> 0.83014633 | Q28: ='Averaged Data'!Q31 -> 1.2516432 | R28: ='Averaged Data'!R31 -> 1.0142116 | V28: ='Averaged Data'!V31 -> 713.13304 | W28: ='Averaged Data'!W31 -> 0.039671776 | X28: ='Averaged Data'!X31 -> 0.023854168 | Y28: ='Averaged Data'!Y31 -> 0.035965835 | Z28: ='Averaged Data'!Z31 -> 0.029143265
D29: 12 | E29: -10 | L29: -10 | O29: 0 | P29: 0 | W29: 0 | X29: 0 | Y29: 0 | Z29: 0
A30: ='Averaged Data'!A32 -> D2 | B30: ='Averaged Data'!B32 -> V1 | C30: ='Averaged Data'!C32 -> 2 | D30: ='Averaged Data'!D32 -> 16 | E30: ='Averaged Data'!E32 -> 0.4 | J30: ='Averaged Data'!J32 -> 29.721966 | K30: ='Averaged Data'!K32 -> 2.5239516 | L30: ='Averaged Data'!L32 -> 0.39916287 | M30: ='Averaged Data'!M32 -> 0 | N30: ='Averaged Data'!N32 -> Data recorded for only 5 sec, not 10 sec. Video + photo | O30: ='Averaged Data'!O32 -> 0.11927838 | P30: ='Averaged Data'!P32 -> 0.29648215 | Q30: ='Averaged Data'!Q32 -> 0.032936177 | R30: ='Averaged Data'!R32 -> 0.31787451 | V30: ='Averaged Data'!V32 -> 79.665499 | W30: ='Averaged Data'!W32 -> 0.030681148 | X30: ='Averaged Data'!X32 -> 0.076262045 | Y30: ='Averaged Data'!Y32 -> 0.0084719443 | Z30: ='Averaged Data'!Z32 -> 0.081764653
A31: ='Averaged Data'!A33 -> D2 | B31: ='Averaged Data'!B33 -> V1 | C31: ='Averaged Data'!C33 -> 3 | D31: ='Averaged Data'!D33 -> 16 | E31: ='Averaged Data'!E33 -> 0.8 | J31: ='Averaged Data'!J33 -> 29.718081 | K31: ='Averaged Data'!K33 -> 2.5276122 | L31: ='Averaged Data'!L33 -> 0.80877014 | M31: ='Averaged Data'!M33 -> 10.35 | N31: ='Averaged Data'!N33 -> Data recorded for 10 sec. Ran again to check recording was working properly. Seemed ok | O31: ='Averaged Data'!O33 -> 0.48797141 | P31: ='Averaged Data'!P33 -> 0.7436845 | Q31: ='Averaged Data'!Q33 -> 0.26408099 | R31: ='Averaged Data'!R33 -> 0.84937858 | V31: ='Averaged Data'!V33 -> 327.05457 | W31: ='Averaged Data'!W33 -> 0.030574145 | X31: ='Averaged Data'!X33 -> 0.046596005 | Y31: ='Averaged Data'!Y33 -> 0.016546155 | Z31: ='Averaged Data'!Z33 -> 0.053218331
A32: ='Averaged Data'!A34 -> D2 | B32: ='Averaged Data'!B34 -> V1 | C32: ='Averaged Data'!C34 -> 4 | D32: ='Averaged Data'!D34 -> 16 | E32: ='Averaged Data'!E34 -> 1.2 | J32: ='Averaged Data'!J34 -> 29.717029 | K32: ='Averaged Data'!K34 -> 2.5282219 | L32: ='Averaged Data'!L34 -> 1.1962005 | M32: ='Averaged Data'!M34 -> 11.05 | N32: ='Averaged Data'!N34 -> 0 | O32: ='Averaged Data'!O34 -> 2.0054195 | P32: ='Averaged Data'!P34 -> 2.088767 | Q32: ='Averaged Data'!Q34 -> 1.3519908 | R32: ='Averaged Data'!R34 -> 2.5606203 | V32: ='Averaged Data'!V34 -> 715.44785 | W32: ='Averaged Data'!W34 -> 0.057439075 | X32: ='Averaged Data'!X34 -> 0.059826307 | Y32: ='Averaged Data'!Y34 -> 0.038723617 | Z32: ='Averaged Data'!Z34 -> 0.073341092
A33: ='Averaged Data'!A35 -> D2 | B33: ='Averaged Data'!B35 -> V1 | C33: ='Averaged Data'!C35 -> 5 | D33: ='Averaged Data'!D35 -> 24 | E33: ='Averaged Data'!E35 -> 0.4 | J33: ='Averaged Data'!J35 -> 29.714518 | K33: ='Averaged Data'!K35 -> 2.5283961 | L33: ='Averaged Data'!L35 -> 0.40077542 | M33: ='Averaged Data'!M35 -> 11.36 | N33: ='Averaged Data'!N35 -> 0 | O33: ='Averaged Data'!O35 -> 0.30683526 | P33: ='Averaged Data'!P35 -> 0.56107662 | Q33: ='Averaged Data'!Q35 -> 0.052097542 | R33: ='Averaged Data'!R35 -> 0.63737014 | V33: ='Averaged Data'!V35 -> 80.310467 | W33: ='Averaged Data'!W35 -> 0.078291263 | X33: ='Averaged Data'!X35 -> 0.1431628 | Y33: ='Averaged Data'!Y35 -> 0.013293069 | Z33: ='Averaged Data'!Z35 -> 0.16262966
A34: ='Averaged Data'!A36 -> D2 | B34: ='Averaged Data'!B36 -> V1 | C34: ='Averaged Data'!C36 -> 6 | D34: ='Averaged Data'!D36 -> 24 | E34: ='Averaged Data'!E36 -> 0.8 | J34: ='Averaged Data'!J36 -> 29.712007 | K34: ='Averaged Data'!K36 -> 2.5250864 | L34: ='Averaged Data'!L36 -> 0.80715357 | M34: ='Averaged Data'!M36 -> 12.04 | N34: ='Averaged Data'!N36 -> 0 | O34: ='Averaged Data'!O36 -> 1.0403196 | P34: ='Averaged Data'!P36 -> 1.2743563 | Q34: ='Averaged Data'!Q36 -> 0.43205185 | R34: ='Averaged Data'!R36 -> 1.5873185 | V34: ='Averaged Data'!V36 -> 325.74845 | W34: ='Averaged Data'!W36 -> 0.065443211 | X34: ='Averaged Data'!X36 -> 0.080165718 | Y34: ='Averaged Data'!Y36 -> 0.027179014 | Z34: ='Averaged Data'!Z36 -> 0.099853179
A35: ='Averaged Data'!A37 -> D2 | B35: ='Averaged Data'!B37 -> V1 | C35: ='Averaged Data'!C37 -> 7 | D35: ='Averaged Data'!D37 -> 24 | E35: ='Averaged Data'!E37 -> 1.2 | J35: ='Averaged Data'!J37 -> 29.715166 | K35: ='Averaged Data'!K37 -> 2.5304864 | L35: ='Averaged Data'!L37 -> 1.196084 | M35: ='Averaged Data'!M37 -> 12.3 | N35: ='Averaged Data'!N37 -> waterline well below on leeward side. | O35: ='Averaged Data'!O37 -> 2.8111068 | P35: ='Averaged Data'!P37 -> 3.2395256 | Q35: ='Averaged Data'!Q37 -> 1.2504401 | R35: ='Averaged Data'!R37 -> 4.102834 | V35: ='Averaged Data'!V37 -> 715.30843 | W35: ='Averaged Data'!W37 -> 0.080531203 | X35: ='Averaged Data'!X37 -> 0.092804331 | Y35: ='Averaged Data'!Y37 -> 0.035821992 | Z35: ='Averaged Data'!Z37 -> 0.11753597
A37: ='Averaged Data'!A39 -> D2 | B37: ='Averaged Data'!B39 -> V2 | C37: ='Averaged Data'!C39 -> 1 | D37: ='Averaged Data'!D39 -> 0 | E37: ='Averaged Data'!E39 -> 0.4 | J37: ='Averaged Data'!J39 -> 25.708994 | K37: ='Averaged Data'!K39 -> 2.5307477 | L37: ='Averaged Data'!L39 -> 0.39910058 | M37: ='Averaged Data'!M39 -> 13.58 | N37: ='Averaged Data'!N39 -> 0 | O37: ='Averaged Data'!O39 -> 0.027794197 | P37: ='Averaged Data'!P39 -> 0.018148468 | Q37: ='Averaged Data'!Q39 -> 0.027794197 | R37: ='Averaged Data'!R39 -> 0.018148468 | V37: ='Averaged Data'!V39 -> 79.640636 | W37: ='Averaged Data'!W39 -> 0.0071515402 | X37: ='Averaged Data'!X39 -> 0.0046696618 | Y37: ='Averaged Data'!Y39 -> 0.0071515402 | Z37: ='Averaged Data'!Z39 -> 0.0046696618
A38: ='Averaged Data'!A40 -> D2 | B38: ='Averaged Data'!B40 -> V2 | C38: ='Averaged Data'!C40 -> 2 | D38: ='Averaged Data'!D40 -> 0 | E38: ='Averaged Data'!E40 -> 0.8 | J38: ='Averaged Data'!J40 -> 25.711423 | K38: ='Averaged Data'!K40 -> 2.5282219 | L38: ='Averaged Data'!L40 -> 0.80760298 | M38: ='Averaged Data'!M40 -> 14.1 | N38: ='Averaged Data'!N40 -> 0 | O38: ='Averaged Data'!O40 -> 0.43268671 | P38: ='Averaged Data'!P40 -> 0.045955954 | Q38: ='Averaged Data'!Q40 -> 0.43268671 | R38: ='Averaged Data'!R40 -> 0.045955954 | V38: ='Averaged Data'!V40 -> 326.11128 | W38: ='Averaged Data'!W40 -> 0.027188666 | X38: ='Averaged Data'!X40 -> 0.002887727 | Y38: ='Averaged Data'!Y40 -> 0.027188666 | Z38: ='Averaged Data'!Z40 -> 0.002887727
A39: ='Averaged Data'!A41 -> D2 | B39: ='Averaged Data'!B41 -> V2 | C39: ='Averaged Data'!C41 -> 3 | D39: ='Averaged Data'!D41 -> 0 | E39: ='Averaged Data'!E41 -> 1.2 | J39: ='Averaged Data'!J41 -> 25.706726 | K39: ='Averaged Data'!K41 -> 2.5298767 | L39: ='Averaged Data'!L41 -> 1.1963631 | M39: ='Averaged Data'!M41 -> 14.27 | N39: ='Averaged Data'!N41 -> 0 | O39: ='Averaged Data'!O41 -> 0.82467747 | P39: ='Averaged Data'!P41 -> 0.11392364 | Q39: ='Averaged Data'!Q41 -> 0.82467747 | R39: ='Averaged Data'!R41 -> 0.11392364 | V39: ='Averaged Data'!V41 -> 715.64233 | W39: ='Averaged Data'!W41 -> 0.023613931 | X39: ='Averaged Data'!X41 -> 0.0032621056 | Y39: ='Averaged Data'!Y41 -> 0.023613931 | Z39: ='Averaged Data'!Z41 -> 0.0032621056
A40: ='Averaged Data'!A42 -> D2 | B40: ='Averaged Data'!B42 -> V2 | C40: ='Averaged Data'!C42 -> 4 | D40: ='Averaged Data'!D42 -> 0 | E40: ='Averaged Data'!E42 -> 1.6 | J40: ='Averaged Data'!J42 -> 25.707095 | K40: ='Averaged Data'!K42 -> 2.5265951 | L40: ='Averaged Data'!L42 -> 1.6066749 | M40: ='Averaged Data'!M42 -> 14.56 | N40: ='Averaged Data'!N42 -> 0 | O40: ='Averaged Data'!O42 -> 1.2398563 | P40: ='Averaged Data'!P42 -> 0.17931918 | Q40: ='Averaged Data'!Q42 -> 1.2398563 | R40: ='Averaged Data'!R42 -> 0.17931918 | V40: ='Averaged Data'!V42 -> 1290.7021 | W40: ='Averaged Data'!W42 -> 0.019684552 | X40: ='Averaged Data'!X42 -> 0.002846957 | Y40: ='Averaged Data'!Y42 -> 0.019684552 | Z40: ='Averaged Data'!Z42 -> 0.002846957
D41: 4 | E41: -10 | L41: -10 | O41: 0 | P41: 0 | W41: 0 | X41: 0 | Y41: 0 | Z41: 0
A42: ='Averaged Data'!A43 -> D2 | B42: ='Averaged Data'!B43 -> V2 | C42: ='Averaged Data'!C43 -> 5 | D42: ='Averaged Data'!D43 -> 8 | E42: ='Averaged Data'!E43 -> 0.4 | J42: ='Averaged Data'!J43 -> 25.702353 | K42: ='Averaged Data'!K43 -> 2.5248251 | L42: ='Averaged Data'!L43 -> 0.40032756 | M42: ='Averaged Data'!M43 -> 15.33 | N42: ='Averaged Data'!N43 -> 0 | O42: ='Averaged Data'!O43 -> 0.06273998 | P42: ='Averaged Data'!P43 -> 0.20249228 | Q42: ='Averaged Data'!Q43 -> 0.03394792 | R42: ='Averaged Data'!R43 -> 0.20925336 | V42: ='Averaged Data'!V43 -> 80.131078 | W42: ='Averaged Data'!W43 -> 0.016044403 | X42: ='Averaged Data'!X43 -> 0.051783055 | Y42: ='Averaged Data'!Y43 -> 0.0086814519 | Z42: ='Averaged Data'!Z43 -> 0.053512055
A43: ='Averaged Data'!A44 -> D2 | B43: ='Averaged Data'!B44 -> V2 | C43: ='Averaged Data'!C44 -> 6 | D43: ='Averaged Data'!D44 -> 8 | E43: ='Averaged Data'!E44 -> 0.8 | J43: ='Averaged Data'!J44 -> 25.702596 | K43: ='Averaged Data'!K44 -> 2.5228219 | L43: ='Averaged Data'!L44 -> 0.80967196 | M43: ='Averaged Data'!M44 -> 15.47 | N43: ='Averaged Data'!N44 -> 0 | O43: ='Averaged Data'!O44 -> 0.53100439 | P43: ='Averaged Data'!P44 -> 0.80362217 | Q43: ='Averaged Data'!Q44 -> 0.4139941 | R43: ='Averaged Data'!R44 -> 0.86970291 | V43: ='Averaged Data'!V44 -> 327.78434 | W43: ='Averaged Data'!W44 -> 0.033196331 | X43: ='Averaged Data'!X44 -> 0.050239335 | Y43: ='Averaged Data'!Y44 -> 0.025881302 | Z43: ='Averaged Data'!Z44 -> 0.054370446
A44: ='Averaged Data'!A45 -> D2 | B44: ='Averaged Data'!B45 -> V2 | C44: ='Averaged Data'!C45 -> 7 | D44: ='Averaged Data'!D45 -> 8 | E44: ='Averaged Data'!E45 -> 1.2 | J44: ='Averaged Data'!J45 -> 25.702596 | K44: ='Averaged Data'!K45 -> 2.523867 | L44: ='Averaged Data'!L45 -> 1.1992925 | M44: ='Averaged Data'!M45 -> 0 | N44: ='Averaged Data'!N45 -> 0 | O44: ='Averaged Data'!O45 -> 0.95143993 | P44: ='Averaged Data'!P45 -> 2.0535953 | Q44: ='Averaged Data'!Q45 -> 0.65637535 | R44: ='Averaged Data'!R45 -> 2.1660247 | V44: ='Averaged Data'!V45 -> 719.15126 | W44: ='Averaged Data'!W45 -> 0.027110736 | X44: ='Averaged Data'!X45 -> 0.058516022 | Y44: ='Averaged Data'!Y45 -> 0.01870304 | Z44: ='Averaged Data'!Z45 -> 0.061719634
A45: ='Averaged Data'!A46 -> D2 | B45: ='Averaged Data'!B46 -> V2 | C45: ='Averaged Data'!C46 -> 8 | D45: ='Averaged Data'!D46 -> 8 | E45: ='Averaged Data'!E46 -> 1.6 | J45: ='Averaged Data'!J46 -> 25.702301 | K45: ='Averaged Data'!K46 -> 2.5269108 | L45: ='Averaged Data'!L46 -> 1.6056374 | M45: ='Averaged Data'!M46 -> 0 | N45: ='Averaged Data'!N46 -> Final run of the day | O45: ='Averaged Data'!O46 -> 1.6827219 | P45: ='Averaged Data'!P46 -> 3.547652 | Q45: ='Averaged Data'!Q46 -> 1.172608 | R45: ='Averaged Data'!R46 -> 3.7473161 | V45: ='Averaged Data'!V46 -> 1289.0357 | W45: ='Averaged Data'!W46 -> 0.026750234 | X45: ='Averaged Data'!X46 -> 0.056397032 | Y45: ='Averaged Data'!Y46 -> 0.018640953 | Z45: ='Averaged Data'!Z46 -> 0.059571092
A46: ='Averaged Data'!A47 -> D3 | B46: ='Averaged Data'!B47 -> V2 | C46: ='Averaged Data'!C47 -> 9 | D46: ='Averaged Data'!D47 -> 8 | E46: ='Averaged Data'!E47 -> 1.6 | J46: ='Averaged Data'!J47 -> 16.751773 | K46: ='Averaged Data'!K47 -> 2.5100771 | L46: ='Averaged Data'!L47 -> 1.6035809 | M46: ='Averaged Data'!M47 -> 0 | N46: ='Averaged Data'!N47 -> dropped model again to even water line | O46: ='Averaged Data'!O47 -> 1.8053298 | P46: ='Averaged Data'!P47 -> 3.3448777 | Q46: ='Averaged Data'!Q47 -> 1.3222435 | R46: ='Averaged Data'!R47 -> 3.5635789 | V46: ='Averaged Data'!V47 -> 1285.7358 | W46: ='Averaged Data'!W47 -> 0.02877299 | X46: ='Averaged Data'!X47 -> 0.053309999 | Y46: ='Averaged Data'!Y47 -> 0.021073655 | Z46: ='Averaged Data'!Z47 -> 0.056795616
A47: ='Averaged Data'!A48 -> D3 | B47: ='Averaged Data'!B48 -> V2 | C47: ='Averaged Data'!C48 -> 10 | D47: ='Averaged Data'!D48 -> 8 | E47: ='Averaged Data'!E48 -> 1.6 | J47: ='Averaged Data'!J48 -> 19.024453 | K47: ='Averaged Data'!K48 -> 2.5123917 | L47: ='Averaged Data'!L48 -> 1.6035679 | M47: ='Averaged Data'!M48 -> 0 | N47: ='Averaged Data'!N48 -> good run, wrong clapper board used in test | O47: ='Averaged Data'!O48 -> 1.6372182 | P47: ='Averaged Data'!P48 -> 2.9793587 | Q47: ='Averaged Data'!Q48 -> 1.2066383 | R47: ='Averaged Data'!R48 -> 3.1782205 | V47: ='Averaged Data'!V48 -> 1285.715 | W47: ='Averaged Data'!W48 -> 0.026094082 | X47: ='Averaged Data'!X48 -> 0.047485199 | Y47: ='Averaged Data'!Y48 -> 0.019231473 | Z47: ='Averaged Data'!Z48 -> 0.05065467
D48: 12 | E48: -10 | L48: -10 | O48: 0 | P48: 0 | W48: 0 | X48: 0 | Y48: 0 | Z48: 0
A49: ='Averaged Data'!A49 -> D3 | B49: ='Averaged Data'!B49 -> V2 | C49: ='Averaged Data'!C49 -> 11 | D49: ='Averaged Data'!D49 -> 16 | E49: ='Averaged Data'!E49 -> 0.4 | J49: ='Averaged Data'!J49 -> 19.027666 | K49: ='Averaged Data'!K49 -> 2.5041832 | L49: ='Averaged Data'!L49 -> 0.40042878 | M49: ='Averaged Data'!M49 -> 0 | N49: ='Averaged Data'!N49 -> 0 | O49: ='Averaged Data'!O49 -> 0.1730919 | P49: ='Averaged Data'!P49 -> 0.52700581 | Q49: ='Averaged Data'!Q49 -> 0.021124126 | R49: ='Averaged Data'!R49 -> 0.55430109 | V49: ='Averaged Data'!V49 -> 80.171604 | W49: ='Averaged Data'!W49 -> 0.044242163 | X49: ='Averaged Data'!X49 -> 0.1347023 | Y49: ='Averaged Data'!Y49 -> 0.005399311 | Z49: ='Averaged Data'!Z49 -> 0.14167895
A50: ='Averaged Data'!A50 -> D3 | B50: ='Averaged Data'!B50 -> V2 | C50: ='Averaged Data'!C50 -> 12 | D50: ='Averaged Data'!D50 -> 16 | E50: ='Averaged Data'!E50 -> 0.8 | J50: ='Averaged Data'!J50 -> 19.026856 | K50: ='Averaged Data'!K50 -> 2.5097573 | L50: ='Averaged Data'!L50 -> 0.81018731 | M50: ='Averaged Data'!M50 -> 0 | N50: ='Averaged Data'!N50 -> 0 | O50: ='Averaged Data'!O50 -> 0.92767938 | P50: ='Averaged Data'!P50 -> 2.2809337 | Q50: ='Averaged Data'!Q50 -> 0.26303212 | R50: ='Averaged Data'!R50 -> 2.4482773 | V50: ='Averaged Data'!V50 -> 328.20174 | W50: ='Averaged Data'!W50 -> 0.057921154 | X50: ='Averaged Data'!X50 -> 0.14241376 | Y50: ='Averaged Data'!Y50 -> 0.016422833 | Z50: ='Averaged Data'!Z50 -> 0.15286213
A51: ='Averaged Data'!A51 -> D3 | B51: ='Averaged Data'!B51 -> V2 | C51: ='Averaged Data'!C51 -> 13 | D51: ='Averaged Data'!D51 -> 16 | E51: ='Averaged Data'!E51 -> 1.2 | J51: ='Averaged Data'!J51 -> 19.02637 | K51: ='Averaged Data'!K51 -> 2.5060122 | L51: ='Averaged Data'!L51 -> 1.1978846 | M51: ='Averaged Data'!M51 -> 0 | N51: ='Averaged Data'!N51 -> 0 | O51: ='Averaged Data'!O51 -> 2.071332 | P51: ='Averaged Data'!P51 -> 5.348278 | Q51: ='Averaged Data'!Q51 -> 0.51690693 | R51: ='Averaged Data'!R51 -> 5.7120312 | V51: ='Averaged Data'!V51 -> 717.4637 | W51: ='Averaged Data'!W51 -> 0.059160245 | X51: ='Averaged Data'!X51 -> 0.15275457 | Y51: ='Averaged Data'!Y51 -> 0.014763611 | Z51: ='Averaged Data'!Z51 -> 0.16314389
A52: ='Averaged Data'!A52 -> D3 | B52: ='Averaged Data'!B52 -> V2 | C52: ='Averaged Data'!C52 -> 14 | D52: ='Averaged Data'!D52 -> 16 | E52: ='Averaged Data'!E52 -> 1.6 | J52: ='Averaged Data'!J52 -> 19.027779 | K52: ='Averaged Data'!K52 -> 2.507026 | L52: ='Averaged Data'!L52 -> 1.6058393 | M52: ='Averaged Data'!M52 -> 0 | N52: ='Averaged Data'!N52 -> water over bow a bit. Adjusted angle?? | O52: ='Averaged Data'!O52 -> 3.5402593 | P52: ='Averaged Data'!P52 -> 8.2081412 | Q52: ='Averaged Data'!Q52 -> 1.1406453 | R52: ='Averaged Data'!R52 -> 8.8659994 | V52: ='Averaged Data'!V52 -> 1289.3599 | W52: ='Averaged Data'!W52 -> 0.056265356 | X52: ='Averaged Data'!X52 -> 0.13045202 | Y52: ='Averaged Data'!Y52 -> 0.01812828 | Z52: ='Averaged Data'!Z52 -> 0.14090737
A53: ='Averaged Data'!A53 -> D3 | B53: ='Averaged Data'!B53 -> V2 | C53: ='Averaged Data'!C53 -> 15 | D53: ='Averaged Data'!D53 -> 24 | E53: ='Averaged Data'!E53 -> 0.4 | J53: ='Averaged Data'!J53 -> 19.029286 | K53: ='Averaged Data'!K53 -> 2.5114122 | L53: ='Averaged Data'!L53 -> 0.40032908 | M53: ='Averaged Data'!M53 -> 0 | N53: ='Averaged Data'!N53 -> 0 | O53: ='Averaged Data'!O53 -> 0.46712446 | P53: ='Averaged Data'!P53 -> 0.92867774 | Q53: ='Averaged Data'!Q53 -> 0.049012164 | R53: ='Averaged Data'!R53 -> 1.038386 | V53: ='Averaged Data'!V53 -> 80.131688 | W53: ='Averaged Data'!W53 -> 0.11945615 | X53: ='Averaged Data'!X53 -> 0.23748759 | Y53: ='Averaged Data'!Y53 -> 0.012533714 | Z53: ='Averaged Data'!Z53 -> 0.2655429
A54: ='Averaged Data'!A54 -> D3 | B54: ='Averaged Data'!B54 -> V2 | C54: ='Averaged Data'!C54 -> 16 | D54: ='Averaged Data'!D54 -> 24 | E54: ='Averaged Data'!E54 -> 0.8 | J54: ='Averaged Data'!J54 -> 19.029043 | K54: ='Averaged Data'!K54 -> 2.5099315 | L54: ='Averaged Data'!L54 -> 0.80901095 | M54: ='Averaged Data'!M54 -> 0 | N54: ='Averaged Data'!N54 -> 0 | O54: ='Averaged Data'!O54 -> 1.876156 | P54: ='Averaged Data'!P54 -> 3.6966247 | Q54: ='Averaged Data'!Q54 -> 0.21040114 | R54: ='Averaged Data'!R54 -> 4.1401361 | V54: ='Averaged Data'!V54 -> 327.24935 | W54: ='Averaged Data'!W54 -> 0.11748173 | X54: ='Averaged Data'!X54 -> 0.23147641 | Y54: ='Averaged Data'!Y54 -> 0.013174965 | Z54: ='Averaged Data'!Z54 -> 0.25924835
A55: ='Averaged Data'!A56 -> D3 | B55: ='Averaged Data'!B56 -> V2 | C55: ='Averaged Data'!C56 -> 18 | D55: ='Averaged Data'!D56 -> 24 | E55: ='Averaged Data'!E56 -> 1 | J55: ='Averaged Data'!J56 -> 19.027423 | K55: ='Averaged Data'!K56 -> 2.5081025 | L55: ='Averaged Data'!L56 -> 1.0031924 | M55: ='Averaged Data'!M56 -> 14.12 | N55: ='Averaged Data'!N56 -> 0 | O55: ='Averaged Data'!O56 -> 3.0296824 | P55: ='Averaged Data'!P56 -> 5.716538 | Q55: ='Averaged Data'!Q56 -> 0.44262714 | R55: ='Averaged Data'!R56 -> 6.4546001 | V55: ='Averaged Data'!V56 -> 503.19746 | W55: ='Averaged Data'!W56 -> 0.12337832 | X55: ='Averaged Data'!X56 -> 0.23279563 | Y55: ='Averaged Data'!Y56 -> 0.018025187 | Z55: ='Averaged Data'!Z56 -> 0.26285188
A56: ='Averaged Data'!A55 -> D3 | B56: ='Averaged Data'!B55 -> V2 | C56: ='Averaged Data'!C55 -> 17 | D56: ='Averaged Data'!D55 -> 24 | E56: ='Averaged Data'!E55 -> 1.2 | J56: ='Averaged Data'!J55 -> 19.028071 | K56: ='Averaged Data'!K55 -> 2.5094961 | L56: ='Averaged Data'!L55 -> 1.1947297 | M56: ='Averaged Data'!M55 -> 0 | N56: ='Averaged Data'!N55 -> a Little water over bow. Reduce speed to 1.0m/s to capture curve more accurately | O56: ='Averaged Data'!O55 -> 3.935402 | P56: ='Averaged Data'!P55 -> 7.184628 | Q56: ='Averaged Data'!Q55 -> 0.67291717 | R56: ='Averaged Data'!R55 -> 8.1641565 | V56: ='Averaged Data'!V55 -> 713.68951 | W56: ='Averaged Data'!W55 -> 0.11299519 | X56: ='Averaged Data'!X55 -> 0.20628856 | Y56: ='Averaged Data'!Y55 -> 0.019321128 | Z56: ='Averaged Data'!Z55 -> 0.23441327
A58: ='Averaged Data'!A63 -> D4 | B58: ='Averaged Data'!B63 -> V3 | C58: ='Averaged Data'!C63 -> 24 | D58: ='Averaged Data'!D63 -> 0 | E58: ='Averaged Data'!E63 -> 0.4 | J58: ='Averaged Data'!J63 -> 14.109663 | K58: ='Averaged Data'!K63 -> 2.6271638 | L58: ='Averaged Data'!L63 -> 0.40046712 | M58: ='Averaged Data'!M63 -> 9.26 | N58: ='Averaged Data'!N63 -> Twater = 16 | O58: ='Averaged Data'!O63 -> 0.033049399 | P58: ='Averaged Data'!P63 -> 0.000715136 | Q58: ='Averaged Data'!Q63 -> 0.033049399 | R58: ='Averaged Data'!R63 -> 0.000715136 | V58: ='Averaged Data'!V63 -> 80.186959 | W58: ='Averaged Data'!W63 -> 0.0084457846 | X58: ='Averaged Data'!X63 -> 0.00018275324 | Y58: ='Averaged Data'!Y63 -> 0.0084457846 | Z58: ='Averaged Data'!Z63 -> 0.00018275324
A59: ='Averaged Data'!A64 -> D4 | B59: ='Averaged Data'!B64 -> V3 | C59: ='Averaged Data'!C64 -> 25 | D59: ='Averaged Data'!D64 -> 0 | E59: ='Averaged Data'!E64 -> 0.8 | J59: ='Averaged Data'!J64 -> 14.11436 | K59: ='Averaged Data'!K64 -> 2.6225477 | L59: ='Averaged Data'!L64 -> 0.808833 | M59: ='Averaged Data'!M64 -> 9.37 | N59: ='Averaged Data'!N64 -> 0 | O59: ='Averaged Data'!O64 -> 0.15088019 | P59: ='Averaged Data'!P64 -> 0.036282541 | Q59: ='Averaged Data'!Q64 -> 0.15088019 | R59: ='Averaged Data'!R64 -> 0.036282541 | V59: ='Averaged Data'!V64 -> 327.10541 | W59: ='Averaged Data'!W64 -> 0.0094520207 | X59: ='Averaged Data'!X64 -> 0.0022729514 | Y59: ='Averaged Data'!Y64 -> 0.0094520207 | Z59: ='Averaged Data'!Z64 -> 0.0022729514
A60: ='Averaged Data'!A65 -> D4 | B60: ='Averaged Data'!B65 -> V3 | C60: ='Averaged Data'!C65 -> 26 | D60: ='Averaged Data'!D65 -> 0 | E60: ='Averaged Data'!E65 -> 1.2 | J60: ='Averaged Data'!J65 -> 14.115494 | K60: ='Averaged Data'!K65 -> 2.6211541 | L60: ='Averaged Data'!L65 -> 1.1964935 | M60: ='Averaged Data'!M65 -> 9.52 | N60: ='Averaged Data'!N65 -> 0 | O60: ='Averaged Data'!O65 -> 0.54744193 | P60: ='Averaged Data'!P65 -> 0.1164335 | Q60: ='Averaged Data'!Q65 -> 0.54744193 | R60: ='Averaged Data'!R65 -> 0.1164335 | V60: ='Averaged Data'!V65 -> 715.7983 | W60: ='Averaged Data'!W65 -> 0.015672114 | X60: ='Averaged Data'!X65 -> 0.0033332469 | Y60: ='Averaged Data'!Y65 -> 0.015672114 | Z60: ='Averaged Data'!Z65 -> 0.0033332469
A61: ='Averaged Data'!A66 -> D4 | B61: ='Averaged Data'!B66 -> V3 | C61: ='Averaged Data'!C66 -> 27 | D61: ='Averaged Data'!D66 -> 4 | E61: ='Averaged Data'!E66 -> 0.4 | J61: ='Averaged Data'!J66 -> 14.115899 | K61: ='Averaged Data'!K66 -> 2.6189767 | L61: ='Averaged Data'!L66 -> 0.39939811 | M61: ='Averaged Data'!M66 -> 10.19 | N61: ='Averaged Data'!N66 -> 0 | O61: ='Averaged Data'!O66 -> 0.022953411 | P61: ='Averaged Data'!P66 -> 0.10174054 | Q61: ='Averaged Data'!Q66 -> 0.015800436 | R61: ='Averaged Data'!R66 -> 0.10309385 | V61: ='Averaged Data'!V66 -> 79.759427 | W61: ='Averaged Data'!W66 -> 0.0058971936 | X61: ='Averaged Data'!X66 -> 0.026139194 | Y61: ='Averaged Data'!Y66 -> 0.0040594504 | Z61: ='Averaged Data'!Z66 -> 0.026486887
A62: ='Averaged Data'!A67 -> D4 | B62: ='Averaged Data'!B67 -> V3 | C62: ='Averaged Data'!C67 -> 28 | D62: ='Averaged Data'!D67 -> 4 | E62: ='Averaged Data'!E67 -> 0.8 | J62: ='Averaged Data'!J67 -> 14.111607 | K62: ='Averaged Data'!K67 -> 2.621067 | L62: ='Averaged Data'!L67 -> 0.80615513 | M62: ='Averaged Data'!M67 -> 10.33 | N62: ='Averaged Data'!N67 -> 0 | O62: ='Averaged Data'!O67 -> 0.27120161 | P62: ='Averaged Data'!P67 -> 0.41891491 | Q62: ='Averaged Data'!Q67 -> 0.24131895 | R62: ='Averaged Data'!R67 -> 0.43681252 | V62: ='Averaged Data'!V67 -> 324.94304 | W62: ='Averaged Data'!W67 -> 0.01710272 | X62: ='Averaged Data'!X67 -> 0.026417928 | Y62: ='Averaged Data'!Y67 -> 0.015218238 | Z62: ='Averaged Data'!Z67 -> 0.027546601
A63: ='Averaged Data'!A68 -> D4 | B63: ='Averaged Data'!B68 -> V3 | C63: ='Averaged Data'!C68 -> 29 | D63: ='Averaged Data'!D68 -> 4 | E63: ='Averaged Data'!E68 -> 1.2 | J63: ='Averaged Data'!J68 -> 14.113712 | K63: ='Averaged Data'!K68 -> 2.6239412 | L63: ='Averaged Data'!L68 -> 1.1966284 | M63: ='Averaged Data'!M68 -> 11.07 | N63: ='Averaged Data'!N68 -> adjusted to 8degs | O63: ='Averaged Data'!O68 -> 0.55746651 | P63: ='Averaged Data'!P68 -> 0.99762363 | Q63: ='Averaged Data'!Q68 -> 0.48651784 | R63: ='Averaged Data'!R68 -> 1.0340804 | V63: ='Averaged Data'!V68 -> 715.9598 | W63: ='Averaged Data'!W68 -> 0.015955496 | X63: ='Averaged Data'!X68 -> 0.028553429 | Y63: ='Averaged Data'!Y68 -> 0.013924843 | Z63: ='Averaged Data'!Z68 -> 0.029596873
A64: ='Averaged Data'!A69 -> D4 | B64: ='Averaged Data'!B69 -> V3 | C64: ='Averaged Data'!C69 -> 30 | D64: ='Averaged Data'!D69 -> 8 | E64: ='Averaged Data'!E69 -> 0.4 | J64: ='Averaged Data'!J69 -> 14.110635 | K64: ='Averaged Data'!K69 -> 2.6244638 | L64: ='Averaged Data'!L69 -> 0.39947481 | M64: ='Averaged Data'!M69 -> 0 | N64: ='Averaged Data'!N69 -> 0 | O64: ='Averaged Data'!O69 -> 0.13645773 | P64: ='Averaged Data'!P69 -> 0.23400464 | Q64: ='Averaged Data'!Q69 -> 0.10256258 | R64: ='Averaged Data'!R69 -> 0.25071857 | V64: ='Averaged Data'!V69 -> 79.790064 | W64: ='Averaged Data'!W69 -> 0.035045277 | X64: ='Averaged Data'!X69 -> 0.060097421 | Y64: ='Averaged Data'!Y69 -> 0.026340274 | Z64: ='Averaged Data'!Z69 -> 0.064389917
A65: ='Averaged Data'!A70 -> D4 | B65: ='Averaged Data'!B70 -> V3 | C65: ='Averaged Data'!C70 -> 31 | D65: ='Averaged Data'!D70 -> 8 | E65: ='Averaged Data'!E70 -> 0.8 | J65: ='Averaged Data'!J70 -> 14.109015 | K65: ='Averaged Data'!K70 -> 2.6201961 | L65: ='Averaged Data'!L70 -> 0.8094005 | M65: ='Averaged Data'!M70 -> 0 | N65: ='Averaged Data'!N70 -> 0 | O65: ='Averaged Data'!O70 -> 0.22767566 | P65: ='Averaged Data'!P70 -> 1.0670079 | Q65: ='Averaged Data'!Q70 -> 0.07696114 | R65: ='Averaged Data'!R70 -> 1.0883102 | V65: ='Averaged Data'!V70 -> 327.56459 | W65: ='Averaged Data'!W70 -> 0.014242946 | X65: ='Averaged Data'!X70 -> 0.066749938 | Y65: ='Averaged Data'!Y70 -> 0.0048145392 | Z65: ='Averaged Data'!Z70 -> 0.068082567
A66: ='Averaged Data'!A71 -> D4 | B66: ='Averaged Data'!B71 -> V3 | C66: ='Averaged Data'!C71 -> 32 | D66: ='Averaged Data'!D71 -> 8 | E66: ='Averaged Data'!E71 -> 1.2 | J66: ='Averaged Data'!J71 -> 14.102455 | K66: ='Averaged Data'!K71 -> 2.6229832 | L66: ='Averaged Data'!L71 -> 1.1938263 | M66: ='Averaged Data'!M71 -> 0 | N66: ='Averaged Data'!N71 -> set model to 12 degrees | O66: ='Averaged Data'!O71 -> 0.78753595 | P66: ='Averaged Data'!P71 -> 2.3825032 | Q66: ='Averaged Data'!Q71 -> 0.44829134 | R66: ='Averaged Data'!R71 -> 2.4689207 | V66: ='Averaged Data'!V71 -> 712.61063 | W66: ='Averaged Data'!W71 -> 0.022646353 | X66: ='Averaged Data'!X71 -> 0.068511169 | Y66: ='Averaged Data'!Y71 -> 0.012891048 | Z66: ='Averaged Data'!Z71 -> 0.070996186
A67: ='Averaged Data'!A72 -> D4 | B67: ='Averaged Data'!B72 -> V3 | C67: ='Averaged Data'!C72 -> 33 | D67: ='Averaged Data'!D72 -> 12 | E67: ='Averaged Data'!E72 -> 0.4 | J67: ='Averaged Data'!J72 -> 14.101564 | K67: ='Averaged Data'!K72 -> 2.6186284 | L67: ='Averaged Data'!L72 -> 0.39940425 | M67: ='Averaged Data'!M72 -> 0 | N67: ='Averaged Data'!N72 -> 0 | O67: ='Averaged Data'!O72 -> 0.093173092 | P67: ='Averaged Data'!P72 -> 0.493931 | Q67: ='Averaged Data'!Q72 -> -0.011556993 | R67: ='Averaged Data'!R72 -> 0.5025092 | V67: ='Averaged Data'!V72 -> 79.761877 | W67: ='Averaged Data'!W72 -> 0.023937309 | X67: ='Averaged Data'!X72 -> 0.12689693 | Y67: ='Averaged Data'!Y72 -> -0.0029691331 | Z67: ='Averaged Data'!Z72 -> 0.12910077
A68: ='Averaged Data'!A73 -> D4 | B68: ='Averaged Data'!B73 -> V3 | C68: ='Averaged Data'!C73 -> 34 | D68: ='Averaged Data'!D73 -> 12 | E68: ='Averaged Data'!E73 -> 0.8 | J68: ='Averaged Data'!J73 -> 14.099621 | K68: ='Averaged Data'!K73 -> 2.6196735 | L68: ='Averaged Data'!L73 -> 0.80926551 | M68: ='Averaged Data'!M73 -> 13.03 | N68: ='Averaged Data'!N73 -> 0 | O68: ='Averaged Data'!O73 -> 0.68920275 | P68: ='Averaged Data'!P73 -> 1.8834447 | Q68: ='Averaged Data'!Q73 -> 0.28255185 | R68: ='Averaged Data'!R73 -> 1.9855802 | V68: ='Averaged Data'!V73 -> 327.45534 | W68: ='Averaged Data'!W73 -> 0.043129568 | X68: ='Averaged Data'!X73 -> 0.11786395 | Y68: ='Averaged Data'!Y73 -> 0.017681791 | Z68: ='Averaged Data'!Z73 -> 0.12425548
A69: ='Averaged Data'!A74 -> D4 | B69: ='Averaged Data'!B74 -> V3 | C69: ='Averaged Data'!C74 -> 35 | D69: ='Averaged Data'!D74 -> 12 | E69: ='Averaged Data'!E74 -> 1.2 | J69: ='Averaged Data'!J74 -> 14.097191 | K69: ='Averaged Data'!K74 -> 2.6201961 | L69: ='Averaged Data'!L74 -> 1.1966545 | M69: ='Averaged Data'!M74 -> 14 | N69: ='Averaged Data'!N74 -> Adjust to 16 degrees | O69: ='Averaged Data'!O74 -> 1.234278 | P69: ='Averaged Data'!P74 -> 4.3945814 | Q69: ='Averaged Data'!Q74 -> 0.29362123 | R69: ='Averaged Data'!R74 -> 4.55517 | V69: ='Averaged Data'!V74 -> 715.991 | W69: ='Averaged Data'!W74 -> 0.035325279 | X69: ='Averaged Data'!X74 -> 0.12577378 | Y69: ='Averaged Data'!Y74 -> 0.0084034972 | Z69: ='Averaged Data'!Z74 -> 0.13036986
A70: ='Averaged Data'!A75 -> D4 | B70: ='Averaged Data'!B75 -> V3 | C70: ='Averaged Data'!C75 -> 36 | D70: ='Averaged Data'!D75 -> 16 | E70: ='Averaged Data'!E75 -> 0.4 | J70: ='Averaged Data'!J75 -> 14.099621 | K70: ='Averaged Data'!K75 -> 2.6154058 | L70: ='Averaged Data'!L75 -> 0.40080609 | M70: ='Averaged Data'!M75 -> 0 | N70: ='Averaged Data'!N75 -> 0 | O70: ='Averaged Data'!O75 -> 0.24446905 | P70: ='Averaged Data'!P75 -> 0.73952205 | Q70: ='Averaged Data'!Q75 -> 0.031158831 | R70: ='Averaged Data'!R75 -> 0.77825902 | V70: ='Averaged Data'!V75 -> 80.322762 | W70: ='Averaged Data'!W75 -> 0.062368518 | X70: ='Averaged Data'!X75 -> 0.18866558 | Y70: ='Averaged Data'!Y75 -> 0.0079491866 | Z70: ='Averaged Data'!Z75 -> 0.19854809 | AR70: plot the "corrected data on the following to see if we can see small changes in the drag coefficients.
A71: ='Averaged Data'!A76 -> D4 | B71: ='Averaged Data'!B76 -> V3 | C71: ='Averaged Data'!C76 -> 37 | D71: ='Averaged Data'!D76 -> 16 | E71: ='Averaged Data'!E76 -> 0.8 | J71: ='Averaged Data'!J76 -> 14.098649 | K71: ='Averaged Data'!K76 -> 2.6162768 | L71: ='Averaged Data'!L76 -> 0.80830083 | M71: ='Averaged Data'!M76 -> 0 | N71: ='Averaged Data'!N76 -> 0 | O71: ='Averaged Data'!O76 -> 0.93636077 | P71: ='Averaged Data'!P76 -> 2.9859152 | Q71: ='Averaged Data'!Q76 -> 0.077057962 | R71: ='Averaged Data'!R76 -> 3.128342 | V71: ='Averaged Data'!V76 -> 326.67511 | W71: ='Averaged Data'!W76 -> 0.058736402 | X71: ='Averaged Data'!X76 -> 0.18730165 | Y71: ='Averaged Data'!Y76 -> 0.0048337217 | Z71: ='Averaged Data'!Z76 -> 0.19623585
A72: ='Averaged Data'!A77 -> D4 | B72: ='Averaged Data'!B77 -> V3 | C72: ='Averaged Data'!C77 -> 38 | D72: ='Averaged Data'!D77 -> 16 | E72: ='Averaged Data'!E77 -> 1.2 | J72: ='Averaged Data'!J77 -> 14.096381 | K72: ='Averaged Data'!K77 -> 2.6194993 | L72: ='Averaged Data'!L77 -> 1.1968094 | M72: ='Averaged Data'!M77 -> 0 | N72: ='Averaged Data'!N77 -> Final test of the day. Model removed 15.37pm | O72: ='Averaged Data'!O77 -> 2.042932 | P72: ='Averaged Data'!P77 -> 6.4728617 | Q72: ='Averaged Data'!Q77 -> 0.17962976 | R72: ='Averaged Data'!R77 -> 6.7852224 | V72: ='Averaged Data'!V77 -> 716.17639 | W72: ='Averaged Data'!W77 -> 0.05845398 | X72: ='Averaged Data'!X77 -> 0.18520662 | Y72: ='Averaged Data'!Y77 -> 0.0051397083 | Z72: ='Averaged Data'!Z77 -> 0.19414413
D73: 24 | E73: -10 | L73: -10 | O73: 0 | P73: 0 | W73: 0 | X73: 0 | Y73: 0 | Z73: 0

Sheet Results vs yaw
A1: Edited 23/10/13, 24/10/13 | P1: U | Q1: V1 | R1: V2
A2: Page copied from "Results vs speed" and then rows manipulated to group same angles together for each model | M2: 0.4 | P2: =P$1&", "&$M2&" m/s" -> U, 0.4 m/s | Q2: =Q$1&", "&$M2&" m/s" -> V1, 0.4 m/s | R2: =R$1&", "&$M2&" m/s" -> V2, 0.4 m/s | AD2: All these figures need to be changed to show results vs yaw.
M3: 0.8 | P3: =P$1&", "&$M3&" m/s" -> U, 0.8 m/s | Q3: =Q$1&", "&$M3&" m/s" -> V1, 0.8 m/s | R3: =R$1&", "&$M3&" m/s" -> V2, 0.8 m/s | AD3: RGJF 24/10/13
A4: Note dummy yellow rows inserted to keep legend ordered | M4: 1.2 | P4: =P$1&", "&$M4&" m/s" -> U, 1.2 m/s | Q4: =Q$1&", "&$M4&" m/s" -> V1, 1.2 m/s | R4: =R$1&", "&$M4&" m/s" -> V2, 1.2 m/s | AD4: Done, RGJF 25/10/13
M5: 1.6 | P5: =P$1&", "&$M5&" m/s" -> U, 1.6 m/s | Q5: =Q$1&", "&$M5&" m/s" -> V1, 1.6 m/s | R5: =R$1&", "&$M5&" m/s" -> V2, 1.6 m/s | AD5: Need to add Florin's CFD sideforce predictions
A10: ='Averaged Data'!A10 -> 0 | B10: ='Averaged Data'!B10 -> 0 | C10: ='Averaged Data'!C10 -> 0 | D10: ='Averaged Data'!D10 -> 0 | E10: ='Averaged Data'!E10 -> 0 | J10: ='Averaged Data'!J10 -> Measured | K10: ='Averaged Data'!K10 -> Measured | L10: ='Averaged Data'!L10 -> Measured | M10: ='Averaged Data'!M10 -> Time | N10: ='Averaged Data'!N10 -> Comment | O10: ='Averaged Data'!O10 -> Calc | P10: ='Averaged Data'!P10 -> Calc | Q10: ='Averaged Data'!Q10 -> Calc | ... Z10: ='Averaged Data'!Z10 -> coefts
A11: ='Averaged Data'!A11 -> 0 | B11: ='Averaged Data'!B11 -> 0 | C11: ='Averaged Data'!C11 -> 0 | D11: ='Averaged Data'!D11 -> 0 | E11: ='Averaged Data'!E11 -> 0 | J11: ='Averaged Data'!J11 -> 0 | K11: ='Averaged Data'!K11 -> 0 | L11: ='Averaged Data'!L11 -> 0 | M11: ='Averaged Data'!M11 -> 0 | N11: ='Averaged Data'!N11 -> 0 | O11: ='Averaged Data'!O11 -> 0 | P11: ='Averaged Data'!P11 -> 0 | Q11: ='Averaged Data'!Q11 -> 0 | ... Z11: ='Averaged Data'!Z11 -> 0
A12: ='Averaged Data'!A12 -> Day | B12: ='Averaged Data'!B12 -> Model | C12: ='Averaged Data'!C12 -> Test | D12: ='Averaged Data'!D12 -> Yaw | E12: ='Averaged Data'!E12 -> Speed | J12: ='Averaged Data'!J12 -> Heave | K12: ='Averaged Data'!K12 -> Pitch | L12: ='Averaged Data'!L12 -> Velocity | M12: ='Averaged Data'!M12 -> 0 | N12: ='Averaged Data'!N12 -> 0 | O12: ='Averaged Data'!O12 -> Total Drag | P12: ='Averaged Data'!P12 -> Total Lift | Q12: ='Averaged Data'!Q12 -> Resistance | ... Z12: ='Averaged Data'!Z12 -> CS
A13: ='Averaged Data'!A13 -> 0 | B13: ='Averaged Data'!B13 -> shape | C13: ='Averaged Data'!C13 -> number | D13: ='Averaged Data'!D13 -> deg | E13: ='Averaged Data'!E13 -> m/s | J13: ='Averaged Data'!J13 -> mm | K13: ='Averaged Data'!K13 -> deg | L13: ='Averaged Data'!L13 -> m/s | M13: ='Averaged Data'!M13 -> 0 | N13: ='Averaged Data'!N13 -> 0 | O13: ='Averaged Data'!O13 -> N | P13: ='Averaged Data'!P13 -> N | Q13: ='Averaged Data'!Q13 -> N | ... Z13: ='Averaged Data'!Z13 -> 0
A15: ='Averaged Data'!A17 -> D1 | B15: ='Averaged Data'!B17 -> V1 | C15: ='Averaged Data'!C17 -> 2 | D15: ='Averaged Data'!D17 -> 0 | E15: ='Averaged Data'!E17 -> 0.4 | J15: ='Averaged Data'!J17 -> 29.737275 | K15: ='Averaged Data'!K17 -> 2.5435509 | L15: ='Averaged Data'!L17 -> 0.39915733 | M15: ='Averaged Data'!M17 -> 0 | N15: ='Averaged Data'!N17 -> 0 | O15: ='Averaged Data'!O17 -> 0.008227737 | P15: ='Averaged Data'!P17 -> 0.051265825 | Q15: ='Averaged Data'!Q17 -> 0.008227737 | ... Z15: ='Averaged Data'!Z17 -> 0.013187118
A16: ='Averaged Data'!A18 -> D1 | B16: ='Averaged Data'!B18 -> V1 | C16: ='Averaged Data'!C18 -> 3 | D16: ='Averaged Data'!D18 -> 0 | E16: ='Averaged Data'!E18 -> 0.4 | J16: ='Averaged Data'!J18 -> 29.737275 | K16: ='Averaged Data'!K18 -> 2.5444219 | L16: ='Averaged Data'!L18 -> 0.39916652 | M16: ='Averaged Data'!M18 -> 11.04 | N16: ='Averaged Data'!N18 -> good run | O16: ='Averaged Data'!O18 -> 0.09930452 | P16: ='Averaged Data'!P18 -> -0.027159804 | Q16: ='Averaged Data'!Q18 -> 0.09930452 | ... Z16: ='Averaged Data'!Z18 -> -0.0069860002
A17: ='Averaged Data'!A24 -> D1 | B17: ='Averaged Data'!B24 -> V1 | C17: ='Averaged Data'!C24 -> 8 | D17: ='Averaged Data'!D24 -> 4 | E17: ='Averaged Data'!E24 -> 0.4 | J17: ='Averaged Data'!J24 -> 29.71549 | K17: ='Averaged Data'!K24 -> 2.5423316 | L17: ='Averaged Data'!L24 -> 0.40036896 | M17: ='Averaged Data'!M24 -> 13.25 | N17: ='Averaged Data'!N24 -> 0 | O17: ='Averaged Data'!O24 -> 0.059672465 | P17: ='Averaged Data'!P24 -> 0.03548981 | Q17: ='Averaged Data'!Q24 -> 0.057051462 | ... Z17: ='Averaged Data'!Z24 -> 0.010116037
A18: ='Averaged Data'!A32 -> D2 | B18: ='Averaged Data'!B32 -> V1 | C18: ='Averaged Data'!C32 -> 2 | D18: ='Averaged Data'!D32 -> 16 | E18: ='Averaged Data'!E32 -> 0.4 | J18: ='Averaged Data'!J32 -> 29.721966 | K18: ='Averaged Data'!K32 -> 2.5239516 | L18: ='Averaged Data'!L32 -> 0.39916287 | M18: ='Averaged Data'!M32 -> 0 | N18: ='Averaged Data'!N32 -> Data recorded for only 5 sec, not 10 sec. Video + photo | O18: ='Averaged Data'!O32 -> 0.11927838 | P18: ='Averaged Data'!P32 -> 0.29648215 | Q18: ='Averaged Data'!Q32 -> 0.032936177 | ... Z18: ='Averaged Data'!Z32 -> 0.081764653
A19: ='Averaged Data'!A35 -> D2 | B19: ='Averaged Data'!B35 -> V1 | C19: ='Averaged Data'!C35 -> 5 | D19: ='Averaged Data'!D35 -> 24 | E19: ='Averaged Data'!E35 -> 0.4 | J19: ='Averaged Data'!J35 -> 29.714518 | K19: ='Averaged Data'!K35 -> 2.5283961 | L19: ='Averaged Data'!L35 -> 0.40077542 | M19: ='Averaged Data'!M35 -> 11.36 | N19: ='Averaged Data'!N35 -> 0 | O19: ='Averaged Data'!O35 -> 0.30683526 | P19: ='Averaged Data'!P35 -> 0.56107662 | Q19: ='Averaged Data'!Q35 -> 0.052097542 | ... Z19: ='Averaged Data'!Z35 -> 0.16262966
A20: ='Averaged Data'!A19 -> D1 | B20: ='Averaged Data'!B19 -> V1 | C20: ='Averaged Data'!C19 -> 4 | D20: ='Averaged Data'!D19 -> 0 | E20: ='Averaged Data'!E19 -> 0.8 | J20: ='Averaged Data'!J19 -> 29.727557 | K20: ='Averaged Data'!K19 -> 2.5452929 | L20: ='Averaged Data'!L19 -> 0.80495266 | M20: ='Averaged Data'!M19 -> 11.27 | N20: ='Averaged Data'!N19 -> 0 | O20: ='Averaged Data'!O19 -> 0.51653595 | P20: ='Averaged Data'!P19 -> -0.034391373 | Q20: ='Averaged Data'!Q19 -> 0.51653595 | ... Z20: ='Averaged Data'!Z19 -> -0.0021752992
A21: ='Averaged Data'!A25 -> D1 | B21: ='Averaged Data'!B25 -> V1 | C21: ='Averaged Data'!C25 -> 9 | D21: ='Averaged Data'!D25 -> 4 | E21: ='Averaged Data'!E25 -> 0.8 | J21: ='Averaged Data'!J25 -> 29.712574 | K21: ='Averaged Data'!K25 -> 2.5452929 | L21: ='Averaged Data'!L25 -> 0.80652782 | M21: ='Averaged Data'!M25 -> 13.4 | N21: ='Averaged Data'!N25 -> 0 | O21: ='Averaged Data'!O25 -> 0.54670944 | P21: ='Averaged Data'!P25 -> 0.057243871 | Q21: ='Averaged Data'!Q25 -> 0.54138455 | ... Z21: ='Averaged Data'!Z25 -> 0.0060006071
A22: ='Averaged Data'!A29 -> D1 | B22: ='Averaged Data'!B29 -> V1 | C22: ='Averaged Data'!C29 -> 13 | D22: ='Averaged Data'!D29 -> 8 | E22: ='Averaged Data'!E29 -> 0.8 | J22: ='Averaged Data'!J29 -> 29.710793 | K22: ='Averaged Data'!K29 -> 2.537367 | L22: ='Averaged Data'!L29 -> 0.80848332 | M22: ='Averaged Data'!M29 -> 15.53 | N22: ='Averaged Data'!N29 -> photographed | O22: ='Averaged Data'!O29 -> 0.60233237 | P22: ='Averaged Data'!P29 -> 0.21815929 | Q22: ='Averaged Data'!Q29 -> 0.56610861 | ... Z22: ='Averaged Data'!Z29 -> 0.018801535
A23: ='Averaged Data'!A33 -> D2 | B23: ='Averaged Data'!B33 -> V1 | C23: ='Averaged Data'!C33 -> 3 | D23: ='Averaged Data'!D33 -> 16 | E23: ='Averaged Data'!E33 -> 0.8 | J23: ='Averaged Data'!J33 -> 29.718081 | K23: ='Averaged Data'!K33 -> 2.5276122 | L23: ='Averaged Data'!L33 -> 0.80877014 | M23: ='Averaged Data'!M33 -> 10.35 | N23: ='Averaged Data'!N33 -> Data recorded for 10 sec. Ran again to check recording was working properly. Seemed ok | O23: ='Averaged Data'!O33 -> 0.48797141 | P23: ='Averaged Data'!P33 -> 0.7436845 | Q23: ='Averaged Data'!Q33 -> 0.26408099 | ... Z23: ='Averaged Data'!Z33 -> 0.053218331
A24: ='Averaged Data'!A36 -> D2 | B24: ='Averaged Data'!B36 -> V1 | C24: ='Averaged Data'!C36 -> 6 | D24: ='Averaged Data'!D36 -> 24 | E24: ='Averaged Data'!E36 -> 0.8 | J24: ='Averaged Data'!J36 -> 29.712007 | K24: ='Averaged Data'!K36 -> 2.5250864 | L24: ='Averaged Data'!L36 -> 0.80715357 | M24: ='Averaged Data'!M36 -> 12.04 | N24: ='Averaged Data'!N36 -> 0 | O24: ='Averaged Data'!O36 -> 1.0403196 | P24: ='Averaged Data'!P36 -> 1.2743563 | Q24: ='Averaged Data'!Q36 -> 0.43205185 | ... Z24: ='Averaged Data'!Z36 -> 0.099853179
A25: ='Averaged Data'!A20 -> D1 | B25: ='Averaged Data'!B20 -> V1 | C25: ='Averaged Data'!C20 -> 5 | D25: ='Averaged Data'!D20 -> 0 | E25: ='Averaged Data'!E20 -> 1.2 | J25: ='Averaged Data'!J20 -> 29.725532 | K25: ='Averaged Data'!K20 -> 2.5442477 | L25: ='Averaged Data'!L20 -> 1.1953708 | M25: ='Averaged Data'!M20 -> 11.5 | N25: ='Averaged Data'!N20 -> Originally didn't change file name before run. Recovered | O25: ='Averaged Data'!O20 -> 1.6150736 | P25: ='Averaged Data'!P20 -> -0.1898065 | Q25: ='Averaged Data'!Q20 -> 1.6150736 | ... Z25: ='Averaged Data'!Z20 -> -0.0054439734
A26: ='Averaged Data'!A27 -> D1 | B26: ='Averaged Data'!B27 -> V1 | C26: ='Averaged Data'!C27 -> 11 | D26: ='Averaged Data'!D27 -> 4 | E26: ='Averaged Data'!E27 -> 1.2 | J26: ='Averaged Data'!J27 -> 29.71055 | K26: ='Averaged Data'!K27 -> 2.5440735 | L26: ='Averaged Data'!L27 -> 1.1985548 | M26: ='Averaged Data'!M27 -> 15.14 | N26: ='Averaged Data'!N27 -> After set to 8deg | O26: ='Averaged Data'!O27 -> 1.73728 | P26: ='Averaged Data'!P27 -> 0.24324865 | Q26: ='Averaged Data'!Q27 -> 1.7160799 | ... Z26: ='Averaged Data'!Z27 -> 0.010380254
A27: ='Averaged Data'!A30 -> D1 | B27: ='Averaged Data'!B30 -> V1 | C27: ='Averaged Data'!C30 -> 14 | D27: ='Averaged Data'!D30 -> 8 | E27: ='Averaged Data'!E30 -> 1.2 | J27: ='Averaged Data'!J30 -> 29.71144 | K27: ='Averaged Data'!K30 -> 2.5420703 | L27: ='Averaged Data'!L30 -> 1.1940426 | M27: ='Averaged Data'!M30 -> 14.29 | N27: ='Averaged Data'!N30 -> photo again. Strange time. Probably 16.29 | O27: ='Averaged Data'!O30 -> 1.8254385 | P27: ='Averaged Data'!P30 -> 0.97098647 | Q27: ='Averaged Data'!Q30 -> 1.6725382 | ... Z27: ='Averaged Data'!Z30 -> 0.034942764
A28: ='Averaged Data'!A34 -> D2 | B28: ='Averaged Data'!B34 -> V1 | C28: ='Averaged Data'!C34 -> 4 | D28: ='Averaged Data'!D34 -> 16 | E28: ='Averaged Data'!E34 -> 1.2 | J28: ='Averaged Data'!J34 -> 29.717029 | K28: ='Averaged Data'!K34 -> 2.5282219 | L28: ='Averaged Data'!L34 -> 1.1962005 | M28: ='Averaged Data'!M34 -> 11.05 | N28: ='Averaged Data'!N34 -> 0 | O28: ='Averaged Data'!O34 -> 2.0054195 | P28: ='Averaged Data'!P34 -> 2.088767 | Q28: ='Averaged Data'!Q34 -> 1.3519908 | ... Z28: ='Averaged Data'!Z34 -> 0.073341092
A29: ='Averaged Data'!A37 -> D2 | B29: ='Averaged Data'!B37 -> V1 | C29: ='Averaged Data'!C37 -> 7 | D29: ='Averaged Data'!D37 -> 24 | E29: ='Averaged Data'!E37 -> 1.2 | J29: ='Averaged Data'!J37 -> 29.715166 | K29: ='Averaged Data'!K37 -> 2.5304864 | L29: ='Averaged Data'!L37 -> 1.196084 | M29: ='Averaged Data'!M37 -> 12.3 | N29: ='Averaged Data'!N37 -> waterline well below on leeward side. | O29: ='Averaged Data'!O37 -> 2.8111068 | P29: ='Averaged Data'!P37 -> 3.2395256 | Q29: ='Averaged Data'!Q37 -> 1.2504401 | ... Z29: ='Averaged Data'!Z37 -> 0.11753597
A30: ='Averaged Data'!A22 -> D1 | B30: ='Averaged Data'!B22 -> V1 | C30: ='Averaged Data'!C22 -> 6 | D30: ='Averaged Data'!D22 -> 0 | E30: ='Averaged Data'!E22 -> 1.6 | J30: ='Averaged Data'!J22 -> 29.712471 | K30: ='Averaged Data'!K22 -> 2.5437002 | L30: ='Averaged Data'!L22 -> 1.605672 | M30: ='Averaged Data'!M22 -> ~14.35 | N30: ='Averaged Data'!N22 -> re-run of test 6 to confirm bow over the top. From now on only test to 1.2m/s.This test done after test 10 | O30: ='Averaged Data'!O22 -> 2.4866431 | P30: ='Averaged Data'!P22 -> -0.33239352 | Q30: ='Averaged Data'!Q22 -> 2.4866431 | ... Z30: ='Averaged Data'!Z22 -> -0.0052838326
A31: ='Averaged Data'!A26 -> D1 | B31: ='Averaged Data'!B26 -> V1 | C31: ='Averaged Data'!C26 -> 10 | D31: ='Averaged Data'!D26 -> 4 | E31: ='Averaged Data'!E26 -> 1.6 | J31: ='Averaged Data'!J26 -> 29.717892 | K31: ='Averaged Data'!K26 -> 2.5447602 | L31: ='Averaged Data'!L26 -> 1.6057728 | M31: ='Averaged Data'!M26 -> 14.02 | N31: ='Averaged Data'!N26 -> large (or nice) wake pattern | O31: ='Averaged Data'!O26 -> 2.6732155 | P31: ='Averaged Data'!P26 -> 0.70147219 | Q31: ='Averaged Data'!Q26 -> 2.6177715 | ... Z31: ='Averaged Data'!Z26 -> 0.014086144
A33: ='Averaged Data'!A39 -> D2 | B33: ='Averaged Data'!B39 -> V2 | C33: ='Averaged Data'!C39 -> 1 | D33: ='Averaged Data'!D39 -> 0 | E33: ='Averaged Data'!E39 -> 0.4 | J33: ='Averaged Data'!J39 -> 25.708994 | K33: ='Averaged Data'!K39 -> 2.5307477 | L33: ='Averaged Data'!L39 -> 0.39910058 | M33: ='Averaged Data'!M39 -> 13.58 | N33: ='Averaged Data'!N39 -> 0 | O33: ='Averaged Data'!O39 -> 0.027794197 | P33: ='Averaged Data'!P39 -> 0.018148468 | Q33: ='Averaged Data'!Q39 -> 0.027794197 | ... Z33: ='Averaged Data'!Z39 -> 0.0046696618
A34: ='Averaged Data'!A43 -> D2 | B34: ='Averaged Data'!B43 -> V2 | C34: ='Averaged Data'!C43 -> 5 | D34: ='Averaged Data'!D43 -> 8 | E34: ='Averaged Data'!E43 -> 0.4 | J34: ='Averaged Data'!J43 -> 25.702353 | K34: ='Averaged Data'!K43 -> 2.5248251 | L34: ='Averaged Data'!L43 -> 0.40032756 | M34: ='Averaged Data'!M43 -> 15.33 | N34: ='Averaged Data'!N43 -> 0 | O34: ='Averaged Data'!O43 -> 0.06273998 | P34: ='Averaged Data'!P43 -> 0.20249228 | Q34: ='Averaged Data'!Q43 -> 0.03394792 | ... Z34: ='Averaged Data'!Z43 -> 0.053512055
A35: ='Averaged Data'!A49 -> D3 | B35: ='Averaged Data'!B49 -> V2 | C35: ='Averaged Data'!C49 -> 11 | D35: ='Averaged Data'!D49 -> 16 | E35: ='Averaged Data'!E49 -> 0.4 | J35: ='Averaged Data'!J49 -> 19.027666 | K35: ='Averaged Data'!K49 -> 2.5041832 | L35: ='Averaged Data'!L49 -> 0.40042878 | M35: ='Averaged Data'!M49 -> 0 | N35: ='Averaged Data'!N49 -> 0 | O35: ='Averaged Data'!O49 -> 0.1730919 | P35: ='Averaged Data'!P49 -> 0.52700581 | Q35: ='Averaged Data'!Q49 -> 0.021124126 | ... Z35: ='Averaged Data'!Z49 -> 0.14167895
A36: ='Averaged Data'!A53 -> D3 | B36: ='Averaged Data'!B53 -> V2 | C36: ='Averaged Data'!C53 -> 15 | D36: ='Averaged Data'!D53 -> 24 | E36: ='Averaged Data'!E53 -> 0.4 | J36: ='Averaged Data'!J53 -> 19.029286 | K36: ='Averaged Data'!K53 -> 2.5114122 | L36: ='Averaged Data'!L53 -> 0.40032908 | M36: ='Averaged Data'!M53 -> 0 | N36: ='Averaged Data'!N53 -> 0 | O36: ='Averaged Data'!O53 -> 0.46712446 | P36: ='Averaged Data'!P53 -> 0.92867774 | Q36: ='Averaged Data'!Q53 -> 0.049012164 | ... Z36: ='Averaged Data'!Z53 -> 0.2655429
A37: ='Averaged Data'!A40 -> D2 | B37: ='Averaged Data'!B40 -> V2 | C37: ='Averaged Data'!C40 -> 2 | D37: ='Averaged Data'!D40 -> 0 | E37: ='Averaged Data'!E40 -> 0.8 | J37: ='Averaged Data'!J40 -> 25.711423 | K37: ='Averaged Data'!K40 -> 2.5282219 | L37: ='Averaged Data'!L40 -> 0.80760298 | M37: ='Averaged Data'!M40 -> 14.1 | N37: ='Averaged Data'!N40 -> 0 | O37: ='Averaged Data'!O40 -> 0.43268671 | P37: ='Averaged Data'!P40 -> 0.045955954 | Q37: ='Averaged Data'!Q40 -> 0.43268671 | ... Z37: ='Averaged Data'!Z40 -> 0.002887727
A38: ='Averaged Data'!A44 -> D2 | B38: ='Averaged Data'!B44 -> V2 | C38: ='Averaged Data'!C44 -> 6 | D38: ='Averaged Data'!D44 -> 8 | E38: ='Averaged Data'!E44 -> 0.8 | J38: ='Averaged Data'!J44 -> 25.702596 | K38: ='Averaged Data'!K44 -> 2.5228219 | L38: ='Averaged Data'!L44 -> 0.80967196 | M38: ='Averaged Data'!M44 -> 15.47 | N38: ='Averaged Data'!N44 -> 0 | O38: ='Averaged Data'!O44 -> 0.53100439 | P38: ='Averaged Data'!P44 -> 0.80362217 | Q38: ='Averaged Data'!Q44 -> 0.4139941 | ... Z38: ='Averaged Data'!Z44 -> 0.054370446
A39: ='Averaged Data'!A50 -> D3 | B39: ='Averaged Data'!B50 -> V2 | C39: ='Averaged Data'!C50 -> 12 | D39: ='Averaged Data'!D50 -> 16 | E39: ='Averaged Data'!E50 -> 0.8 | J39: ='Averaged Data'!J50 -> 19.026856 | K39: ='Averaged Data'!K50 -> 2.5097573 | L39: ='Averaged Data'!L50 -> 0.81018731 | M39: ='Averaged Data'!M50 -> 0 | N39: ='Averaged Data'!N50 -> 0 | O39: ='Averaged Data'!O50 -> 0.92767938 | P39: ='Averaged Data'!P50 -> 2.2809337 | Q39: ='Averaged Data'!Q50 -> 0.26303212 | ... Z39: ='Averaged Data'!Z50 -> 0.15286213
A40: ='Averaged Data'!A54 -> D3 | B40: ='Averaged Data'!B54 -> V2 | C40: ='Averaged Data'!C54 -> 16 | D40: ='Averaged Data'!D54 -> 24 | E40: ='Averaged Data'!E54 -> 0.8 | J40: ='Averaged Data'!J54 -> 19.029043 | K40: ='Averaged Data'!K54 -> 2.5099315 | L40: ='Averaged Data'!L54 -> 0.80901095 | M40: ='Averaged Data'!M54 -> 0 | N40: ='Averaged Data'!N54 -> 0 | O40: ='Averaged Data'!O54 -> 1.876156 | P40: ='Averaged Data'!P54 -> 3.6966247 | Q40: ='Averaged Data'!Q54 -> 0.21040114 | ... Z40: ='Averaged Data'!Z54 -> 0.25924835
A41: ='Averaged Data'!A56 -> D3 | B41: ='Averaged Data'!B56 -> V2 | C41: ='Averaged Data'!C56 -> 18 | D41: ='Averaged Data'!D56 -> 24 | E41: ='Averaged Data'!E56 -> 1 | J41: ='Averaged Data'!J56 -> 19.027423 | K41: ='Averaged Data'!K56 -> 2.5081025 | L41: ='Averaged Data'!L56 -> 1.0031924 | M41: ='Averaged Data'!M56 -> 14.12 | N41: ='Averaged Data'!N56 -> 0 | O41: ='Averaged Data'!O56 -> 3.0296824 | P41: ='Averaged Data'!P56 -> 5.716538 | Q41: ='Averaged Data'!Q56 -> 0.44262714 | ... Z41: ='Averaged Data'!Z56 -> 0.26285188
A42: ='Averaged Data'!A41 -> D2 | B42: ='Averaged Data'!B41 -> V2 | C42: ='Averaged Data'!C41 -> 3 | D42: ='Averaged Data'!D41 -> 0 | E42: ='Averaged Data'!E41 -> 1.2 | J42: ='Averaged Data'!J41 -> 25.706726 | K42: ='Averaged Data'!K41 -> 2.5298767 | L42: ='Averaged Data'!L41 -> 1.1963631 | M42: ='Averaged Data'!M41 -> 14.27 | N42: ='Averaged Data'!N41 -> 0 | O42: ='Averaged Data'!O41 -> 0.82467747 | P42: ='Averaged Data'!P41 -> 0.11392364 | Q42: ='Averaged Data'!Q41 -> 0.82467747 | ... Z42: ='Averaged Data'!Z41 -> 0.0032621056
A43: ='Averaged Data'!A45 -> D2 | B43: ='Averaged Data'!B45 -> V2 | C43: ='Averaged Data'!C45 -> 7 | D43: ='Averaged Data'!D45 -> 8 | E43: ='Averaged Data'!E45 -> 1.2 | J43: ='Averaged Data'!J45 -> 25.702596 | K43: ='Averaged Data'!K45 -> 2.523867 | L43: ='Averaged Data'!L45 -> 1.1992925 | M43: ='Averaged Data'!M45 -> 0 | N43: ='Averaged Data'!N45 -> 0 | O43: ='Averaged Data'!O45 -> 0.95143993 | P43: ='Averaged Data'!P45 -> 2.0535953 | Q43: ='Averaged Data'!Q45 -> 0.65637535 | ... Z43: ='Averaged Data'!Z45 -> 0.061719634
A44: ='Averaged Data'!A51 -> D3 | B44: ='Averaged Data'!B51 -> V2 | C44: ='Averaged Data'!C51 -> 13 | D44: ='Averaged Data'!D51 -> 16 | E44: ='Averaged Data'!E51 -> 1.2 | J44: ='Averaged Data'!J51 -> 19.02637 | K44: ='Averaged Data'!K51 -> 2.5060122 | L44: ='Averaged Data'!L51 -> 1.1978846 | M44: ='Averaged Data'!M51 -> 0 | N44: ='Averaged Data'!N51 -> 0 | O44: ='Averaged Data'!O51 -> 2.071332 | P44: ='Averaged Data'!P51 -> 5.348278 | Q44: ='Averaged Data'!Q51 -> 0.51690693 | ... Z44: ='Averaged Data'!Z51 -> 0.16314389
A45: ='Averaged Data'!A55 -> D3 | B45: ='Averaged Data'!B55 -> V2 | C45: ='Averaged Data'!C55 -> 17 | D45: ='Averaged Data'!D55 -> 24 | E45: ='Averaged Data'!E55 -> 1.2 | J45: ='Averaged Data'!J55 -> 19.028071 | K45: ='Averaged Data'!K55 -> 2.5094961 | L45: ='Averaged Data'!L55 -> 1.1947297 | M45: ='Averaged Data'!M55 -> 0 | N45: ='Averaged Data'!N55 -> a Little water over bow. Reduce speed to 1.0m/s to capture curve more accurately | O45: ='Averaged Data'!O55 -> 3.935402 | P45: ='Averaged Data'!P55 -> 7.184628 | Q45: ='Averaged Data'!Q55 -> 0.67291717 | ... Z45: ='Averaged Data'!Z55 -> 0.23441327
A46: ='Averaged Data'!A42 -> D2 | B46: ='Averaged Data'!B42 -> V2 | C46: ='Averaged Data'!C42 -> 4 | D46: ='Averaged Data'!D42 -> 0 | E46: ='Averaged Data'!E42 -> 1.6 | J46: ='Averaged Data'!J42 -> 25.707095 | K46: ='Averaged Data'!K42 -> 2.5265951 | L46: ='Averaged Data'!L42 -> 1.6066749 | M46: ='Averaged Data'!M42 -> 14.56 | N46: ='Averaged Data'!N42 -> 0 | O46: ='Averaged Data'!O42 -> 1.2398563 | P46: ='Averaged Data'!P42 -> 0.17931918 | Q46: ='Averaged Data'!Q42 -> 1.2398563 | ... Z46: ='Averaged Data'!Z42 -> 0.002846957
A47: ='Averaged Data'!A48 -> D3 | B47: ='Averaged Data'!B48 -> V2 | C47: ='Averaged Data'!C48 -> 10 | D47: ='Averaged Data'!D48 -> 8 | E47: ='Averaged Data'!E48 -> 1.6 | J47: ='Averaged Data'!J48 -> 19.024453 | K47: ='Averaged Data'!K48 -> 2.5123917 | L47: ='Averaged Data'!L48 -> 1.6035679 | M47: ='Averaged Data'!M48 -> 0 | N47: ='Averaged Data'!N48 -> good run, wrong clapper board used in test | O47: ='Averaged Data'!O48 -> 1.6372182 | P47: ='Averaged Data'!P48 -> 2.9793587 | Q47: ='Averaged Data'!Q48 -> 1.2066383 | ... Z47: ='Averaged Data'!Z48 -> 0.05065467
A48: ='Averaged Data'!A52 -> D3 | B48: ='Averaged Data'!B52 -> V2 | C48: ='Averaged Data'!C52 -> 14 | D48: ='Averaged Data'!D52 -> 16 | E48: ='Averaged Data'!E52 -> 1.6 | J48: ='Averaged Data'!J52 -> 19.027779 | K48: ='Averaged Data'!K52 -> 2.507026 | L48: ='Averaged Data'!L52 -> 1.6058393 | M48: ='Averaged Data'!M52 -> 0 | N48: ='Averaged Data'!N52 -> water over bow a bit. Adjusted angle?? | O48: ='Averaged Data'!O52 -> 3.5402593 | P48: ='Averaged Data'!P52 -> 8.2081412 | Q48: ='Averaged Data'!Q52 -> 1.1406453 | ... Z48: ='Averaged Data'!Z52 -> 0.14090737
A50: ='Averaged Data'!A63 -> D4 | B50: ='Averaged Data'!B63 -> V3 | C50: ='Averaged Data'!C63 -> 24 | D50: ='Averaged Data'!D63 -> 0 | E50: ='Averaged Data'!E63 -> 0.4 | J50: ='Averaged Data'!J63 -> 14.109663 | K50: ='Averaged Data'!K63 -> 2.6271638 | L50: ='Averaged Data'!L63 -> 0.40046712 | M50: ='Averaged Data'!M63 -> 9.26 | N50: ='Averaged Data'!N63 -> Twater = 16 | O50: ='Averaged Data'!O63 -> 0.033049399 | P50: ='Averaged Data'!P63 -> 0.000715136 | Q50: ='Averaged Data'!Q63 -> 0.033049399 | ... Z50: ='Averaged Data'!Z63 -> 0.00018275324
A51: ='Averaged Data'!A66 -> D4 | B51: ='Averaged Data'!B66 -> V3 | C51: ='Averaged Data'!C66 -> 27 | D51: ='Averaged Data'!D66 -> 4 | E51: ='Averaged Data'!E66 -> 0.4 | J51: ='Averaged Data'!J66 -> 14.115899 | K51: ='Averaged Data'!K66 -> 2.6189767 | L51: ='Averaged Data'!L66 -> 0.39939811 | M51: ='Averaged Data'!M66 -> 10.19 | N51: ='Averaged Data'!N66 -> 0 | O51: ='Averaged Data'!O66 -> 0.022953411 | P51: ='Averaged Data'!P66 -> 0.10174054 | Q51: ='Averaged Data'!Q66 -> 0.015800436 | ... Z51: ='Averaged Data'!Z66 -> 0.026486887
A52: ='Averaged Data'!A69 -> D4 | B52: ='Averaged Data'!B69 -> V3 | C52: ='Averaged Data'!C69 -> 30 | D52: ='Averaged Data'!D69 -> 8 | E52: ='Averaged Data'!E69 -> 0.4 | J52: ='Averaged Data'!J69 -> 14.110635 | K52: ='Averaged Data'!K69 -> 2.6244638 | L52: ='Averaged Data'!L69 -> 0.39947481 | M52: ='Averaged Data'!M69 -> 0 | N52: ='Averaged Data'!N69 -> 0 | O52: ='Averaged Data'!O69 -> 0.13645773 | P52: ='Averaged Data'!P69 -> 0.23400464 | Q52: ='Averaged Data'!Q69 -> 0.10256258 | ... Z52: ='Averaged Data'!Z69 -> 0.064389917
A53: ='Averaged Data'!A72 -> D4 | B53: ='Averaged Data'!B72 -> V3 | C53: ='Averaged Data'!C72 -> 33 | D53: ='Averaged Data'!D72 -> 12 | E53: ='Averaged Data'!E72 -> 0.4 | J53: ='Averaged Data'!J72 -> 14.101564 | K53: ='Averaged Data'!K72 -> 2.6186284 | L53: ='Averaged Data'!L72 -> 0.39940425 | M53: ='Averaged Data'!M72 -> 0 | N53: ='Averaged Data'!N72 -> 0 | O53: ='Averaged Data'!O72 -> 0.093173092 | P53: ='Averaged Data'!P72 -> 0.493931 | Q53: ='Averaged Data'!Q72 -> -0.011556993 | ... Z53: ='Averaged Data'!Z72 -> 0.12910077
A54: ='Averaged Data'!A75 -> D4 | B54: ='Averaged Data'!B75 -> V3 | C54: ='Averaged Data'!C75 -> 36 | D54: ='Averaged Data'!D75 -> 16 | E54: ='Averaged Data'!E75 -> 0.4 | J54: ='Averaged Data'!J75 -> 14.099621 | K54: ='Averaged Data'!K75 -> 2.6154058 | L54: ='Averaged Data'!L75 -> 0.40080609 | M54: ='Averaged Data'!M75 -> 0 | N54: ='Averaged Data'!N75 -> 0 | O54: ='Averaged Data'!O75 -> 0.24446905 | P54: ='Averaged Data'!P75 -> 0.73952205 | Q54: ='Averaged Data'!Q75 -> 0.031158831 | ... Z54: ='Averaged Data'!Z75 -> 0.19854809
A55: ='Averaged Data'!A64 -> D4 | B55: ='Averaged Data'!B64 -> V3 | C55: ='Averaged Data'!C64 -> 25 | D55: ='Averaged Data'!D64 -> 0 | E55: ='Averaged Data'!E64 -> 0.8 | J55: ='Averaged Data'!J64 -> 14.11436 | K55: ='Averaged Data'!K64 -> 2.6225477 | L55: ='Averaged Data'!L64 -> 0.808833 | M55: ='Averaged Data'!M64 -> 9.37 | N55: ='Averaged Data'!N64 -> 0 | O55: ='Averaged Data'!O64 -> 0.15088019 | P55: ='Averaged Data'!P64 -> 0.036282541 | Q55: ='Averaged Data'!Q64 -> 0.15088019 | ... Z55: ='Averaged Data'!Z64 -> 0.0022729514
A56: ='Averaged Data'!A67 -> D4 | B56: ='Averaged Data'!B67 -> V3 | C56: ='Averaged Data'!C67 -> 28 | D56: ='Averaged Data'!D67 -> 4 | E56: ='Averaged Data'!E67 -> 0.8 | J56: ='Averaged Data'!J67 -> 14.111607 | K56: ='Averaged Data'!K67 -> 2.621067 | L56: ='Averaged Data'!L67 -> 0.80615513 | M56: ='Averaged Data'!M67 -> 10.33 | N56: ='Averaged Data'!N67 -> 0 | O56: ='Averaged Data'!O67 -> 0.27120161 | P56: ='Averaged Data'!P67 -> 0.41891491 | Q56: ='Averaged Data'!Q67 -> 0.24131895 | ... Z56: ='Averaged Data'!Z67 -> 0.027546601
A57: ='Averaged Data'!A70 -> D4 | B57: ='Averaged Data'!B70 -> V3 | C57: ='Averaged Data'!C70 -> 31 | D57: ='Averaged Data'!D70 -> 8 | E57: ='Averaged Data'!E70 -> 0.8 | J57: ='Averaged Data'!J70 -> 14.109015 | K57: ='Averaged Data'!K70 -> 2.6201961 | L57: ='Averaged Data'!L70 -> 0.8094005 | M57: ='Averaged Data'!M70 -> 0 | N57: ='Averaged Data'!N70 -> 0 | O57: ='Averaged Data'!O70 -> 0.22767566 | P57: ='Averaged Data'!P70 -> 1.0670079 | Q57: ='Averaged Data'!Q70 -> 0.07696114 | ... Z57: ='Averaged Data'!Z70 -> 0.068082567
A58: ='Averaged Data'!A73 -> D4 | B58: ='Averaged Data'!B73 -> V3 | C58: ='Averaged Data'!C73 -> 34 | D58: ='Averaged Data'!D73 -> 12 | E58: ='Averaged Data'!E73 -> 0.8 | J58: ='Averaged Data'!J73 -> 14.099621 | K58: ='Averaged Data'!K73 -> 2.6196735 | L58: ='Averaged Data'!L73 -> 0.80926551 | M58: ='Averaged Data'!M73 -> 13.03 | N58: ='Averaged Data'!N73 -> 0 | O58: ='Averaged Data'!O73 -> 0.68920275 | P58: ='Averaged Data'!P73 -> 1.8834447 | Q58: ='Averaged Data'!Q73 -> 0.28255185 | ... Z58: ='Averaged Data'!Z73 -> 0.12425548
A59: ='Averaged Data'!A76 -> D4 | B59: ='Averaged Data'!B76 -> V3 | C59: ='Averaged Data'!C76 -> 37 | D59: ='Averaged Data'!D76 -> 16 | E59: ='Averaged Data'!E76 -> 0.8 | J59: ='Averaged Data'!J76 -> 14.098649 | K59: ='Averaged Data'!K76 -> 2.6162768 | L59: ='Averaged Data'!L76 -> 0.80830083 | M59: ='Averaged Data'!M76 -> 0 | N59: ='Averaged Data'!N76 -> 0 | O59: ='Averaged Data'!O76 -> 0.93636077 | P59: ='Averaged Data'!P76 -> 2.9859152 | Q59: ='Averaged Data'!Q76 -> 0.077057962 | ... Z59: ='Averaged Data'!Z76 -> 0.19623585
A60: ='Averaged Data'!A65 -> D4 | B60: ='Averaged Data'!B65 -> V3 | C60: ='Averaged Data'!C65 -> 26 | D60: ='Averaged Data'!D65 -> 0 | E60: ='Averaged Data'!E65 -> 1.2 | J60: ='Averaged Data'!J65 -> 14.115494 | K60: ='Averaged Data'!K65 -> 2.6211541 | L60: ='Averaged Data'!L65 -> 1.1964935 | M60: ='Averaged Data'!M65 -> 9.52 | N60: ='Averaged Data'!N65 -> 0 | O60: ='Averaged Data'!O65 -> 0.54744193 | P60: ='Averaged Data'!P65 -> 0.1164335 | Q60: ='Averaged Data'!Q65 -> 0.54744193 | ... Z60: ='Averaged Data'!Z65 -> 0.0033332469
A61: ='Averaged Data'!A68 -> D4 | B61: ='Averaged Data'!B68 -> V3 | C61: ='Averaged Data'!C68 -> 29 | D61: ='Averaged Data'!D68 -> 4 | E61: ='Averaged Data'!E68 -> 1.2 | J61: ='Averaged Data'!J68 -> 14.113712 | K61: ='Averaged Data'!K68 -> 2.6239412 | L61: ='Averaged Data'!L68 -> 1.1966284 | M61: ='Averaged Data'!M68 -> 11.07 | N61: ='Averaged Data'!N68 -> adjusted to 8degs | O61: ='Averaged Data'!O68 -> 0.55746651 | P61: ='Averaged Data'!P68 -> 0.99762363 | Q61: ='Averaged Data'!Q68 -> 0.48651784 | ... Z61: ='Averaged Data'!Z68 -> 0.029596873
A62: ='Averaged Data'!A71 -> D4 | B62: ='Averaged Data'!B71 -> V3 | C62: ='Averaged Data'!C71 -> 32 | D62: ='Averaged Data'!D71 -> 8 | E62: ='Averaged Data'!E71 -> 1.2 | J62: ='Averaged Data'!J71 -> 14.102455 | K62: ='Averaged Data'!K71 -> 2.6229832 | L62: ='Averaged Data'!L71 -> 1.1938263 | M62: ='Averaged Data'!M71 -> 0 | N62: ='Averaged Data'!N71 -> set model to 12 degrees | O62: ='Averaged Data'!O71 -> 0.78753595 | P62: ='Averaged Data'!P71 -> 2.3825032 | Q62: ='Averaged Data'!Q71 -> 0.44829134 | ... Z62: ='Averaged Data'!Z71 -> 0.070996186
A63: ='Averaged Data'!A74 -> D4 | B63: ='Averaged Data'!B74 -> V3 | C63: ='Averaged Data'!C74 -> 35 | D63: ='Averaged Data'!D74 -> 12 | E63: ='Averaged Data'!E74 -> 1.2 | J63: ='Averaged Data'!J74 -> 14.097191 | K63: ='Averaged Data'!K74 -> 2.6201961 | L63: ='Averaged Data'!L74 -> 1.1966545 | M63: ='Averaged Data'!M74 -> 14 | N63: ='Averaged Data'!N74 -> Adjust to 16 degrees | O63: ='Averaged Data'!O74 -> 1.234278 | P63: ='Averaged Data'!P74 -> 4.3945814 | Q63: ='Averaged Data'!Q74 -> 0.29362123 | ... Z63: ='Averaged Data'!Z74 -> 0.13036986
A64: ='Averaged Data'!A77 -> D4 | B64: ='Averaged Data'!B77 -> V3 | C64: ='Averaged Data'!C77 -> 38 | D64: ='Averaged Data'!D77 -> 16 | E64: ='Averaged Data'!E77 -> 1.2 | J64: ='Averaged Data'!J77 -> 14.096381 | K64: ='Averaged Data'!K77 -> 2.6194993 | L64: ='Averaged Data'!L77 -> 1.1968094 | M64: ='Averaged Data'!M77 -> 0 | N64: ='Averaged Data'!N77 -> Final test of the day. Model removed 15.37pm | O64: ='Averaged Data'!O77 -> 2.042932 | P64: ='Averaged Data'!P77 -> 6.4728617 | Q64: ='Averaged Data'!Q77 -> 0.17962976 | ... Z64: ='Averaged Data'!Z77 -> 0.19414413
D65: -10 | E65: 1.2 | O65: 0 | P65: 0 | W65: 0 | X65: 0 | Y65: 0 | Z65: 0
D67: 12 | E67: -10 | L67: -10 | O67: 0 | P67: 0 | W67: 0 | X67: 0 | Y67: 0 | Z67: 0
D68: 12 | E68: -10 | L68: -10 | O68: 0 | P68: 0 | W68: 0 | X68: 0 | Y68: 0 | Z68: 0
D69: 24 | E69: -10 | L69: -10 | O69: 0 | P69: 0 | W69: 0 | X69: 0 | Y69: 0 | Z69: 0
A70: ='Averaged Data'!A31 -> D2 | B70: ='Averaged Data'!B31 -> V1 | C70: ='Averaged Data'!C31 -> 1 | D70: ='Averaged Data'!D31 -> 8 | E70: ='Averaged Data'!E31 -> 1.2 | J70: ='Averaged Data'!J31 -> 29.722714 | K70: ='Averaged Data'!K31 -> 2.5286184 | L70: ='Averaged Data'!L31 -> 1.1942638 | M70: ='Averaged Data'!M31 -> 0 | N70: ='Averaged Data'!N31 -> Ian skimmed tank before tests. Previous test with model rotated bow to port, following tests with bow rotated to starboard. Data recorded for only 5 sec, not 10 sec. After set to 16 degs | O70: ='Averaged Data'!O31 -> 1.3806132 | P70: ='Averaged Data'!P31 -> 0.83014633 | Q70: ='Averaged Data'!Q31 -> 1.2516432 | ... Z70: ='Averaged Data'!Z31 -> 0.029143265
A71: ='Averaged Data'!A28 -> D1 | B71: ='Averaged Data'!B28 -> V1 | C71: ='Averaged Data'!C28 -> 12 | D71: ='Averaged Data'!D28 -> 8 | E71: ='Averaged Data'!E28 -> 0.4 | J71: ='Averaged Data'!J28 -> 29.711926 | K71: ='Averaged Data'!K28 -> 2.5410251 | L71: ='Averaged Data'!L28 -> 0.39705455 | M71: ='Averaged Data'!M28 -> 15.4 | N71: Drag coeft looks too high. Must be error. RF 15/2/19 | O71: ='Averaged Data'!O28 -> 0.2216323 | P71: ='Averaged Data'!P28 -> 0.043571464 | Q71: ='Averaged Data'!Q28 -> 0.21341142 | R71: ='Averaged Data'!R28 -> 0.073992684 | S71: ='Averaged Data'!S28 -> 0 | T71: ='Averaged Data'!T28 -> 0 | U71: ='Averaged Data'!U28 -> 0 | V71: ='Averaged Data'!V28 -> 78.826159 | ... Z71: ='Averaged Data'!Z28 -> 0.019235284
A72: ='Averaged Data'!A46 -> D2 | B72: ='Averaged Data'!B46 -> V2 | C72: ='Averaged Data'!C46 -> 8 | D72: ='Averaged Data'!D46 -> 8 | E72: ='Averaged Data'!E46 -> 1.6 | J72: ='Averaged Data'!J46 -> 25.702301 | K72: ='Averaged Data'!K46 -> 2.5269108 | L72: ='Averaged Data'!L46 -> 1.6056374 | M72: ='Averaged Data'!M46 -> 0 | N72: ='Averaged Data'!N46 -> Final run of the day | O72: ='Averaged Data'!O46 -> 1.6827219 | P72: ='Averaged Data'!P46 -> 3.547652 | Q72: ='Averaged Data'!Q46 -> 1.172608 | ... Z72: ='Averaged Data'!Z46 -> 0.059571092
A73: ='Averaged Data'!A47 -> D3 | B73: ='Averaged Data'!B47 -> V2 | C73: ='Averaged Data'!C47 -> 9 | D73: ='Averaged Data'!D47 -> 8 | E73: ='Averaged Data'!E47 -> 1.6 | J73: ='Averaged Data'!J47 -> 16.751773 | K73: ='Averaged Data'!K47 -> 2.5100771 | L73: ='Averaged Data'!L47 -> 1.6035809 | M73: ='Averaged Data'!M47 -> 0 | N73: ='Averaged Data'!N47 -> dropped model again to even water line | O73: ='Averaged Data'!O47 -> 1.8053298 | P73: ='Averaged Data'!P47 -> 3.3448777 | Q73: ='Averaged Data'!Q47 -> 1.3222435 | ... Z73: ='Averaged Data'!Z47 -> 0.056795616
A81: Florin's results | O81: Florin's results
A82: Copied from TankDataAnalysisV10 on 27/10/13 | O82: Copied from SF_FromFlorinCFDPredictions3 on 3/11/13
B84: 3 knots | C84: = x m/s | P84: 3 knots | Q84: = x m/s
AT85: Note that the coefficients are based on model scale, whereas the CFD was at full scale. Thus this agreement, although good, might be fortuitous.
B86: 3 | C86: =B86*0.5144 -> 1.5432 | D86: m/s | P86: 3 | Q86: =P86*0.5144 -> 1.5432 | R86: m/s | AT86: The Prohaska approach will be applied to the drag measurements to see what affect it has.
A87: rho water | B87: 1000 | C87: kg/m^3 | O87: rho water | P87: 1000 | Q87: kg/m^3 | AT87: Note also that it is difficult to know how to scale the lift in the way that the drag is scaled.
A88: Vref | B88: 1.543 | C88: m/s | O88: Vref | P88: 1.543 | Q88: m/s
A89: Aref | B89: 0.0488 | C89: m^2 | O89: Aref | P89: 0.0488 | Q89: m^2
A91: Revised values using polynomials fitted to Florin's spreadsheet | O91: Revised values using polynomials fitted to Florin's spreadsheet
A92: And using a fixed reference area = immersed projected side area | O92: And using a fixed reference area = immersed projected side area
B94: LIFT | P94: DRAG
E97: CFD | F97: V2 Narrow Vee | H97: y = 0.0003x2 + 0.0072x | S97: CFD | T97: V2 Narrow Vee | V97: y = 2.47E-04x2 - 5.83E-04x + 6.38E-03
V98: R² = 0.9993
A99: leeway angle | B99: 0 | C99: 3 | D99: 6 | E99: 9 | F99: 12 | G99: 15 | H99: 18 | I99: 21 | J99: 24 | O99: leeway angle | P99: 0 | Q99: 3 | R99: 6 | S99: 9 | T99: 12 | U99: 15 | V99: 18 | W99: 21 | X99: 24
A100: V | O100: V
A101: m/s | O101: m/s
A102: =C86 -> 1.5432 | B102: =0.0072*(B$99+0.042*B$99^2) -> 0 | C102: =0.0072*(C$99+0.042*C$99^2) -> 0.0243216 | D102: =0.0072*(D$99+0.042*D$99^2) -> 0.0540864 | E102: =0.0072*(E$99+0.042*E$99^2) -> 0.0892944 | F102: =0.0072*(F$99+0.042*F$99^2) -> 0.1299456 | G102: =0.0072*(G$99+0.042*G$99^2) -> 0.17604 | H102: =0.0072*(H$99+0.042*H$99^2) -> 0.2275776 | I102: =0.0072*(I$99+0.042*I$99^2) -> 0.2845584 | J102: =0.0072*(J$99+0.042*J$99^2) -> 0.3469824 | O102: =Q86 -> 1.5432 | P102: =0.000247*P99^2-0.000583*P99+0.00638 -> 0.00638 | Q102: =0.000247*Q99^2-0.000583*Q99+0.00638 -> 0.006854 | R102: =0.000247*R99^2-0.000583*R99+0.00638 -> 0.011774 | S102: =0.000247*S99^2-0.000583*S99+0.00638 -> 0.02114 | T102: =0.000247*T99^2-0.000583*T99+0.00638 -> 0.034952 | U102: =0.000247*U99^2-0.000583*U99+0.00638 -> 0.05321 | V102: =0.000247*V99^2-0.000583*V99+0.00638 -> 0.075914 | W102: =0.000247*W99^2-0.000583*W99+0.00638 -> 0.103064 | X102: =0.000247*X99^2-0.000583*X99+0.00638 -> 0.13466
E105: CFD | F105: V1 Wide Vee | H105: y = 0.0003x2 + 0.005x | S105: CFD | T105: V1 Wide Vee | V105: y = 2.33E-04x2 - 1.13E-03x + 1.07E-02
A106: =A99 -> leeway angle | O106: =O99 -> leeway angle | V106: R² = 1
A107: deg | B107: =B99 -> 0 | C107: =C99 -> 3 | D107: =D99 -> 6 | E107: =E99 -> 9 | F107: =F99 -> 12 | G107: =G99 -> 15 | H107: =H99 -> 18 | I107: =I99 -> 21 | J107: =J99 -> 24 | O107: deg | P107: =P99 -> 0 | Q107: =Q99 -> 3 | R107: =R99 -> 6 | S107: =S99 -> 9 | T107: =T99 -> 12 | U107: =U99 -> 15 | V107: =V99 -> 18 | W107: =W99 -> 21 | X107: =X99 -> 24
A108: =A100 -> V | O108: =O100 -> V
A109: =A101 -> m/s | O109: =O101 -> m/s
A110: =A102 -> 1.5432 | B110: =0.005*(B$107+0.06*B$107^2) -> 0 | C110: =0.005*(C$107+0.06*C$107^2) -> 0.0177 | D110: =0.005*(D$107+0.06*D$107^2) -> 0.0408 | E110: =0.005*(E$107+0.06*E$107^2) -> 0.0693 | F110: =0.005*(F$107+0.06*F$107^2) -> 0.1032 | G110: =0.005*(G$107+0.06*G$107^2) -> 0.1425 | H110: =0.005*(H$107+0.06*H$107^2) -> 0.1872 | I110: =0.005*(I$107+0.06*I$107^2) -> 0.2373 | J110: =0.005*(J$107+0.06*J$107^2) -> 0.2928 | O110: =O102 -> 1.5432 | P110: =0.000233*P107^2-0.00113*P107+0.0107 -> 0.0107 | Q110: =0.000233*Q107^2-0.00113*Q107+0.0107 -> 0.009407 | R110: =0.000233*R107^2-0.00113*R107+0.0107 -> 0.012308 | S110: =0.000233*S107^2-0.00113*S107+0.0107 -> 0.019403 | T110: =0.000233*T107^2-0.00113*T107+0.0107 -> 0.030692 | U110: =0.000233*U107^2-0.00113*U107+0.0107 -> 0.046175 | V110: =0.000233*V107^2-0.00113*V107+0.0107 -> 0.065852 | W110: =0.000233*W107^2-0.00113*W107+0.0107 -> 0.089723 | X110: =0.000233*X107^2-0.00113*X107+0.0107 -> 0.117788
E113: CFD | F113: U Round | H113: -4E-07x2 + 0.0035x | S113: CFD | T113: U Round | V113: y = 5.25E-05x2 + 1.15E-04x + 1.03E-02
V114: R² = 0.9981
A115: =A99 -> leeway angle | B115: =B99 -> 0 | C115: =C99 -> 3 | D115: =D99 -> 6 | E115: =E99 -> 9 | F115: =F99 -> 12 | G115: =G99 -> 15 | H115: =H99 -> 18 | ... J115: =J99 -> 24 | O115: =O99 -> leeway angle | P115: =P99 -> 0 | Q115: =Q99 -> 3 | R115: =R99 -> 6 | S115: =S99 -> 9 | T115: =T99 -> 12 | U115: =U99 -> 15 | V115: =V99 -> 18 | ... X115: =X99 -> 24
A116: =A100 -> V | O116: =O100 -> V
A117: =A101 -> m/s | O117: =O101 -> m/s
A118: =A102 -> 1.5432 | B118: =0.0035*(B$115-4*10^-7*B$115^2) -> 0 | C118: =0.0035*(C$115-4*10^-7*C$115^2) -> 0.010499987 | D118: =0.0035*(D$115-4*10^-7*D$115^2) -> 0.02099995 | E118: =0.0035*(E$115-4*10^-7*E$115^2) -> 0.031499887 | F118: =0.0035*(F$115-4*10^-7*F$115^2) -> 0.041999798 | G118: =0.0035*(G$115-4*10^-7*G$115^2) -> 0.052499685 | H118: =0.0035*(H$115-4*10^-7*H$115^2) -> 0.062999546 | I118: =0.0035*(I$115-4*10^-7*I$115^2) -> 0.073499383 | J118: =0.0035*(J$115-4*10^-7*J$115^2) -> 0.083999194 | O118: =O102 -> 1.5432 | P118: =0.0000525*P115^2+0.000115*P115+0.0103 -> 0.0103 | Q118: =0.0000525*Q115^2+0.000115*Q115+0.0103 -> 0.0111175 | R118: =0.0000525*R115^2+0.000115*R115+0.0103 -> 0.01288 | S118: =0.0000525*S115^2+0.000115*S115+0.0103 -> 0.0155875 | T118: =0.0000525*T115^2+0.000115*T115+0.0103 -> 0.01924 | U118: =0.0000525*U115^2+0.000115*U115+0.0103 -> 0.0238375 | V118: =0.0000525*V115^2+0.000115*V115+0.0103 -> 0.02938 | W118: =0.0000525*W115^2+0.000115*W115+0.0103 -> 0.0358675 | X118: =0.0000525*X115^2+0.000115*X115+0.0103 -> 0.0433

Sheet Prohaska
A1: ='Results vs speed'!A1 -> Edited 23/10/13, 24/10/13 | E1: This sheet used to calculate the form factor, k | R1: mu constants | AA1: leeway
E2: Using the Prohaska approach | K2: g | M2: L | N2: Model | O2: S, m2 | P2: rhowater | Q2: A | R2: B | S2: C | Y2: Nos | AA2: 0° | AB2: 4° | AC2: 8° | AD2: 12° | AE2: 16° | AF2: 24°
E3: RGJ Flay, 28/10/13 | K3: 9.81 | M3: 1.16 | N3: U | O3: 0.163 | P3: 1000 | Q3: =2.414*10^-5 -> 2.414e-05 | R3: 247.8 | S3: 140 | Y3: revised | Z3: Calculate full-scale drag coefficient by applying | AI3: RF 19/8/2022
K4: m/s2 | M4: m | N4: V1 | O4: 0.129 | P4: kg/m3 | Y4: RF 18/8/22 | Z4: Prohaska correction for yaw angles up to 8 deg | AI4: Some minor editing whilst massaging the paper to get ready to submit to J Sailing Technology
E5: Prohaska corr. | N5: V2 | O5: 0.111 | Z5: Above 8 deg there is likely to be separation | AI5: IMV queried the Prohaska plots
Z6: and assumptions used to develop the approach will not hold | AI6: I need to say in the paper that the corrections have been done for low yaw angles on the assumption
Z7: Use different 1+k factors for each model, as per figures below. | AI7: that larger yaw angles will give rise to flow separation, and thus invalidate the method.
AI8: In the 2019 incarnation of the paper the 1 + k values used were 1.3, 1.1 and 1.
M9: Error in CT calc fixed 29/10/13. Did not divide by wetted surface area. | W9: k | AA9: calculate new coefts
F10: ='Results vs speed'!M10 -> Time | G10: ='Results vs speed'!N10 -> Comment | I10: ='Results vs speed'!Q10 -> Calc | J10: ='Results vs speed'!L10 -> Measured | K10: ='Results vs speed'!O10 -> Calc | W10: 1 | X10: fractional | AA10: based on projected side area | AI10: Remove CD for V1 0.4 m/s as it is too high.
E11: Nominal | K11: ='Results vs speed'!O12 -> Total Drag | X11: decrease | AA11: A(proj side) | AV11: Effect of scaling the drag coefficient using the Prohaska method
A12: ='Results vs speed'!A12 -> Day | B12: ='Results vs speed'!B12 -> Model | C12: ='Results vs speed'!C12 -> Test | D12: ='Results vs speed'!D12 -> Yaw | E12: ='Results vs speed'!E12 -> Speed | F12: ='Results vs speed'!M12 -> 0 | G12: ='Results vs speed'!N12 -> 0 | I12: ='Results vs speed'!Q12 -> Resistance | J12: ='Results vs speed'!L12 -> Velocity | K12: RT | L12: Fr | M12: CT | N12: T | O12: mu | P12: Re | Q12: CF0ms | R12: Fr4/CF0 | S12: CT/CF0 | U12: CF0fs | V12: Cf0ms - CF0fs | Y12: 1+k | Z12: CTfs | AA12: 0.0488 | AB12: delta | AH12: U model
A13: ='Results vs speed'!A13 -> 0 | B13: ='Results vs speed'!B13 -> shape | C13: ='Results vs speed'!C13 -> number | D13: ='Results vs speed'!D13 -> deg | E13: ='Results vs speed'!E13 -> m/s | F13: ='Results vs speed'!M13 -> 0 | G13: ='Results vs speed'!N13 -> 0 | I13: ='Results vs speed'!Q13 -> N | J13: ='Results vs speed'!L13 -> m/s | K13: ='Results vs speed'!O13 -> N | W13: D CT | X13: D(CT)/CT | AA13: CD | AB13: CD
A15: ='Results vs speed'!A16 -> D1 | B15: ='Results vs speed'!B16 -> V1 | C15: ='Results vs speed'!C16 -> 3 | D15: ='Results vs speed'!D16 -> 0 | E15: ='Results vs speed'!E16 -> 0.4 | F15: ='Results vs speed'!M16 -> 11.04 | G15: ='Results vs speed'!N16 -> good run | I15: ='Results vs speed'!Q16 -> 0.09930452 | J15: ='Results vs speed'!L16 -> 0.39916652 | K15: ='Results vs speed'!O16 -> 0.09930452 | L15: =J15/SQRT($K$3*$M$3) -> 0.11832884 | M15: =K15/(0.5*$P$3*$O$3*$J15^2) -> 0.0076472131 | N15: 16 | O15: =$Q$3*10^($R$3/($N15+273-$S$3)) -> 0.0011112826 | P15: =$P$3*J15*$M$3/$O15 -> 416665.54 | Q15: =0.075/(LOG10($P15)-2)^2 -> 0.0057239403 | R15: =$L15^4/$Q15 -> 0.034250534 | S15: =$M15/$Q15 -> 1.3360051 | U15: =0.075/(LOG10($P15*10)-2)^2 -> 0.0035141254 | V15: =Q15-U15 -> 0.0022098149 | W15: =$V15*W$10 -> 0.0022098149 | X15: =W15/M15 -> 0.28896996 | Y15: 1.6 | Z15: =M15-$Y15*(Q15-U15) -> 0.0041115093 | AA15: =Z15*$O$3/$AA$12 -> 0.013733115 | AB15: =AA15-'Results vs speed'!W16 -> -0.01180983
A16: ='Results vs speed'!A17 -> D1 | B16: ='Results vs speed'!B17 -> V1 | C16: ='Results vs speed'!C17 -> 4 | D16: ='Results vs speed'!D17 -> 0 | E16: ='Results vs speed'!E17 -> 0.8 | F16: ='Results vs speed'!M17 -> 11.27 | G16: ='Results vs speed'!N17 -> 0 | I16: ='Results vs speed'!Q17 -> 0.51653595 | J16: ='Results vs speed'!L17 -> 0.80495266 | K16: ='Results vs speed'!O17 -> 0.51653595 | L16: =J16/SQRT($K$3*$M$3) -> 0.23862 | M16: =K16/(0.5*$P$3*$O$3*$J16^2) -> 0.0097814281 | N16: 16 | O16: =$Q$3*10^($R$3/($N16+273-$S$3)) -> 0.0011112826 | P16: =$P$3*J16*$M$3/$O16 -> 840240.9 | Q16: =0.075/(LOG10($P16)-2)^2 -> 0.0048698309 | R16: =$L16^4/$Q16 -> 0.66575354 | S16: =$M16/$Q16 -> 2.0085765 | U16: =0.075/(LOG10($P16*10)-2)^2 -> 0.003092815 | V16: =Q16-U16 -> 0.0017770159 | W16: =$V16*W$10 -> 0.0017770159 | X16: =W16/M16 -> 0.18167244 | Y16: 1.6 | Z16: =M16-$Y16*(Q16-U16) -> 0.0069382026 | AA16: =Z16*$O$3/$AA$12 -> 0.023174734 | AB16: =AA16-'Results vs speed'!W17 -> -0.0094968392
A17: ='Results vs speed'!A18 -> D1 | B17: ='Results vs speed'!B18 -> V1 | C17: ='Results vs speed'!C18 -> 5 | D17: ='Results vs speed'!D18 -> 0 | E17: ='Results vs speed'!E18 -> 1.2 | F17: ='Results vs speed'!M18 -> 11.5 | G17: ='Results vs speed'!N18 -> Originally didn't change file name before run. Recovered | I17: ='Results vs speed'!Q18 -> 1.6150736 | J17: ='Results vs speed'!L18 -> 1.1953708 | K17: ='Results vs speed'!O18 -> 1.6150736 | L17: =J17/SQRT($K$3*$M$3) -> 0.35435547 | M17: =K17/(0.5*$P$3*$O$3*$J17^2) -> 0.013868499 | N17: 16 | O17: =$Q$3*10^($R$3/($N17+273-$S$3)) -> 0.0011112826 | P17: =$P$3*J17*$M$3/$O17 -> 1247774.5 | Q17: =0.075/(LOG10($P17)-2)^2 -> 0.0044700513 | R17: =$L17^4/$Q17 -> 3.5273133 | S17: =$M17/$Q17 -> 3.1025369 | U17: =0.075/(LOG10($P17*10)-2)^2 -> 0.0028878806 | V17: =Q17-U17 -> 0.0015821707 | W17: =$V17*W$10 -> 0.0015821707 | X17: =W17/M17 -> 0.11408378 | Y17: 1.6 | Z17: =M17-$Y17*(Q17-U17) -> 0.011337026 | AA17: =Z17*$O$3/$AA$12 -> 0.037867524 | AB17: =AA17-'Results vs speed'!W18 -> -0.0084555353
A18: ='Results vs speed'!A19 -> D1 | B18: ='Results vs speed'!B19 -> V1 | C18: ='Results vs speed'!C19 -> 6 | D18: ='Results vs speed'!D19 -> 0 | E18: ='Results vs speed'!E19 -> 1.6 | F18: ='Results vs speed'!M19 -> ~14.35 | G18: ='Results vs speed'!N19 -> re-run of test 6 to confirm bow over the top. From now on only test to 1.2m/s.This test done after test 10 | I18: ='Results vs speed'!Q19 -> 2.4866431 | J18: ='Results vs speed'!L19 -> 1.605672 | K18: ='Results vs speed'!O19 -> 2.4866431 | L18: =J18/SQRT($K$3*$M$3) -> 0.47598508 | M18: =K18/(0.5*$P$3*$O$3*$J18^2) -> 0.011834289 | N18: 16 | O18: =$Q$3*10^($R$3/($N18+273-$S$3)) -> 0.0011112826 | P18: =$P$3*J18*$M$3/$O18 -> 1676062.9 | Q18: =0.075/(LOG10($P18)-2)^2 -> 0.0042029454 | R18: =$L18^4/$Q18 -> 12.212922 | S18: =$M18/$Q18 -> 2.8157132 | U18: =0.075/(LOG10($P18*10)-2)^2 -> 0.0027479363 | V18: =Q18-U18 -> 0.0014550091 | W18: =$V18*W$10 -> 0.0014550091 | X18: =W18/M18 -> 0.12294859 | Y18: 1.6 | Z18: =M18-$Y18*(Q18-U18) -> 0.0095062744 | AA18: =Z18*$O$3/$AA$12 -> 0.031752515 | AB18: =AA18-'Results vs speed'!W19 -> -0.0077759504
A19: ='Results vs speed'!A20 -> D1 | B19: ='Results vs speed'!B20 -> V1 | C19: ='Results vs speed'!C20 -> 8 | D19: ='Results vs speed'!D20 -> 4 | E19: ='Results vs speed'!E20 -> 0.4 | F19: ='Results vs speed'!M20 -> 13.25 | G19: ='Results vs speed'!N20 -> 0 | I19: ='Results vs speed'!Q20 -> 0.057051462 | J19: ='Results vs speed'!L20 -> 0.40036896 | K19: ='Results vs speed'!O20 -> 0.059672465 | L19: =J19/SQRT($K$3*$M$3) -> 0.11868529 | M19: =K19/(0.5*$P$3*$O$3*$J19^2) -> 0.0045676789 | N19: 16 | O19: =$Q$3*10^($R$3/($N19+273-$S$3)) -> 0.0011112826 | P19: =$P$3*J19*$M$3/$O19 -> 417920.69 | Q19: =0.075/(LOG10($P19)-2)^2 -> 0.0057198112 | R19: =$L19^4/$Q19 -> 0.034690129 | S19: =$M19/$Q19 -> 0.79857162 | U19: =0.075/(LOG10($P19*10)-2)^2 -> 0.0035121389 | V19: =Q19-U19 -> 0.0022076723 | W19: =$V19*W$10 -> 0.0022076723 | X19: =W19/M19 -> 0.48332477 | Y19: 1.6 | Z19: =M19-$Y19*(Q19-U19) -> 0.0010354032 | AA19: =Z19*$O$3/$AA$12 -> 0.0034584163 | AB19: =AA19-'Results vs speed'!W20 -> -0.01179838
A20: ='Results vs speed'!A21 -> D1 | B20: ='Results vs speed'!B21 -> V1 | C20: ='Results vs speed'!C21 -> 9 | D20: ='Results vs speed'!D21 -> 4 | E20: ='Results vs speed'!E21 -> 0.8 | F20: ='Results vs speed'!M21 -> 13.4 | G20: ='Results vs speed'!N21 -> 0 | I20: ='Results vs speed'!Q21 -> 0.54138455 | J20: ='Results vs speed'!L21 -> 0.80652782 | K20: ='Results vs speed'!O21 -> 0.54670944 | L20: =J20/SQRT($K$3*$M$3) -> 0.23908694 | M20: =K20/(0.5*$P$3*$O$3*$J20^2) -> 0.010312412 | N20: 16 | O20: =$Q$3*10^($R$3/($N20+273-$S$3)) -> 0.0011112826 | P20: =$P$3*J20*$M$3/$O20 -> 841885.11 | Q20: =0.075/(LOG10($P20)-2)^2 -> 0.0048677245 | R20: =$L20^4/$Q20 -> 0.67127029 | S20: =$M20/$Q20 -> 2.1185283 | U20: =0.075/(LOG10($P20*10)-2)^2 -> 0.0030917488 | V20: =Q20-U20 -> 0.0017759757 | W20: =$V20*W$10 -> 0.0017759757 | X20: =W20/M20 -> 0.17221729 | Y20: 1.6 | Z20: =M20-$Y20*(Q20-U20) -> 0.0074708509 | AA20: =Z20*$O$3/$AA$12 -> 0.024953867 | AB20: =AA20-'Results vs speed'!W21 -> -0.00949128
A21: ='Results vs speed'!A22 -> D1 | B21: ='Results vs speed'!B22 -> V1 | C21: ='Results vs speed'!C22 -> 11 | D21: ='Results vs speed'!D22 -> 4 | E21: ='Results vs speed'!E22 -> 1.2 | F21: ='Results vs speed'!M22 -> 15.14 | G21: ='Results vs speed'!N22 -> After set to 8deg | I21: ='Results vs speed'!Q22 -> 1.7160799 | J21: ='Results vs speed'!L22 -> 1.1985548 | K21: ='Results vs speed'!O22 -> 1.73728 | L21: =J21/SQRT($K$3*$M$3) -> 0.35529933 | M21: =K21/(0.5*$P$3*$O$3*$J21^2) -> 0.01483872 | N21: 16 | O21: =$Q$3*10^($R$3/($N21+273-$S$3)) -> 0.0011112826 | P21: =$P$3*J21*$M$3/$O21 -> 1251098.1 | Q21: =0.075/(LOG10($P21)-2)^2 -> 0.0044675309 | R21: =$L21^4/$Q21 -> 3.5670566 | S21: =$M21/$Q21 -> 3.3214588 | U21: =0.075/(LOG10($P21*10)-2)^2 -> 0.0028865717 | V21: =Q21-U21 -> 0.0015809592 | W21: =$V21*W$10 -> 0.0015809592 | X21: =W21/M21 -> 0.10654283 | Y21: 1.6 | Z21: =M21-$Y21*(Q21-U21) -> 0.012309185 | AA21: =Z21*$O$3/$AA$12 -> 0.041114697 | AB21: =AA21-'Results vs speed'!W22 -> -0.0084490609
A22: ='Results vs speed'!A23 -> D1 | B22: ='Results vs speed'!B23 -> V1 | C22: ='Results vs speed'!C23 -> 10 | D22: ='Results vs speed'!D23 -> 4 | E22: ='Results vs speed'!E23 -> 1.6 | F22: ='Results vs speed'!M23 -> 14.02 | G22: ='Results vs speed'!N23 -> large (or nice) wake pattern | I22: ='Results vs speed'!Q23 -> 2.6177715 | J22: ='Results vs speed'!L23 -> 1.6057728 | K22: ='Results vs speed'!O23 -> 2.6732155 | L22: =J22/SQRT($K$3*$M$3) -> 0.47601496 | M22: =K22/(0.5*$P$3*$O$3*$J22^2) -> 0.012720617 | N22: 16 | O22: =$Q$3*10^($R$3/($N22+273-$S$3)) -> 0.0011112826 | P22: =$P$3*J22*$M$3/$O22 -> 1676168.1 | Q22: =0.075/(LOG10($P22)-2)^2 -> 0.0042028912 | R22: =$L22^4/$Q22 -> 12.216147 | S22: =$M22/$Q22 -> 3.0266348 | U22: =0.075/(LOG10($P22*10)-2)^2 -> 0.0027479076 | V22: =Q22-U22 -> 0.0014549836 | W22: =$V22*W$10 -> 0.0014549836 | X22: =W22/M22 -> 0.11437995 | Y22: 1.6 | Z22: =M22-$Y22*(Q22-U22) -> 0.010392643 | AA22: =Z22*$O$3/$AA$12 -> 0.034713132 | AB22: =AA22-'Results vs speed'!W23 -> -0.0077758138
A23: ='Results vs speed'!A25 -> D1 | B23: ='Results vs speed'!B25 -> V1 | C23: ='Results vs speed'!C25 -> 12 | D23: ='Results vs speed'!D25 -> 8 | E23: ='Results vs speed'!E25 -> 0.4 | F23: ='Results vs speed'!M25 -> 15.4 | G23: ='Results vs speed'!N25 -> 0 | I23: ='Results vs speed'!Q25 -> 0.21341142 | J23: ='Results vs speed'!L25 -> 0.39705455 | K23: ='Results vs speed'!O25 -> 0.2216323 | L23: =J23/SQRT($K$3*$M$3) -> 0.11770277 | M23: =K23/(0.5*$P$3*$O$3*$J23^2) -> 0.017249443 | N23: 16 | O23: =$Q$3*10^($R$3/($N23+273-$S$3)) -> 0.0011112826 | P23: =$P$3*J23*$M$3/$O23 -> 414460.99 | Q23: =0.075/(LOG10($P23)-2)^2 -> 0.0057312336 | R23: =$L23^4/$Q23 -> 0.033488726 | S23: =$M23/$Q23 -> 3.0097261 | U23: =0.075/(LOG10($P23*10)-2)^2 -> 0.003517633 | V23: =Q23-U23 -> 0.0022136006 | W23: =$V23*W$10 -> 0.0022136006 | X23: =W23/M23 -> 0.12832881 | Y23: 1.6 | Z23: =M23-$Y23*(Q23-U23) -> 0.013707683 | AA23: =Z23*$O$3/$AA$12 -> 0.045785907 | AB23: =AA23-'Results vs speed'!W25 -> -0.011830062
A24: ='Results vs speed'!A26 -> D1 | B24: ='Results vs speed'!B26 -> V1 | C24: ='Results vs speed'!C26 -> 13 | D24: ='Results vs speed'!D26 -> 8 | E24: ='Results vs speed'!E26 -> 0.8 | F24: ='Results vs speed'!M26 -> 15.53 | G24: ='Results vs speed'!N26 -> photographed | I24: ='Results vs speed'!Q26 -> 0.56610861 | J24: ='Results vs speed'!L26 -> 0.80848332 | K24: ='Results vs speed'!O26 -> 0.60233237 | L24: =J24/SQRT($K$3*$M$3) -> 0.23966663 | M24: =K24/(0.5*$P$3*$O$3*$J24^2) -> 0.011306716 | N24: 16 | O24: =$Q$3*10^($R$3/($N24+273-$S$3)) -> 0.0011112826 | P24: =$P$3*J24*$M$3/$O24 -> 843926.34 | Q24: =0.075/(LOG10($P24)-2)^2 -> 0.0048651171 | R24: =$L24^4/$Q24 -> 0.67816749 | S24: =$M24/$Q24 -> 2.3240377 | U24: =0.075/(LOG10($P24*10)-2)^2 -> 0.0030904289 | V24: =Q24-U24 -> 0.0017746882 | W24: =$V24*W$10 -> 0.0017746882 | X24: =W24/M24 -> 0.15695878 | Y24: 1.6 | Z24: =M24-$Y24*(Q24-U24) -> 0.0084672144 | AA24: =Z24*$O$3/$AA$12 -> 0.028281884 | AB24: =AA24-'Results vs speed'!W26 -> -0.0094843995
A25: ='Results vs speed'!A27 -> D1 | B25: ='Results vs speed'!B27 -> V1 | C25: ='Results vs speed'!C27 -> 14 | D25: ='Results vs speed'!D27 -> 8 | E25: ='Results vs speed'!E27 -> 1.2 | F25: ='Results vs speed'!M27 -> 14.29 | G25: ='Results vs speed'!N27 -> photo again. Strange time. Probably 16.29 | I25: ='Results vs speed'!Q27 -> 1.6725382 | J25: ='Results vs speed'!L27 -> 1.1940426 | K25: ='Results vs speed'!O27 -> 1.8254385 | L25: =J25/SQRT($K$3*$M$3) -> 0.35396173 | M25: =K25/(0.5*$P$3*$O$3*$J25^2) -> 0.015709775 | N25: 16 | O25: =$Q$3*10^($R$3/($N25+273-$S$3)) -> 0.0011112826 | P25: =$P$3*J25*$M$3/$O25 -> 1246388.1 | Q25: =0.075/(LOG10($P25)-2)^2 -> 0.0044711053 | R25: =$L25^4/$Q25 -> 3.5108344 | S25: =$M25/$Q25 -> 3.5136223 | U25: =0.075/(LOG10($P25*10)-2)^2 -> 0.0028884278 | V25: =Q25-U25 -> 0.0015826774 | W25: =$V25*W$10 -> 0.0015826774 | X25: =W25/M25 -> 0.10074475 | Y25: 1.6 | Z25: =M25-$Y25*(Q25-U25) -> 0.013177492 | AA25: =Z25*$O$3/$AA$12 -> 0.044014982 | AB25: =AA25-'Results vs speed'!W27 -> -0.0084582433
A26: ='Results vs speed'!A28 -> D2 | B26: ='Results vs speed'!B28 -> V1 | C26: ='Results vs speed'!C28 -> 1 | D26: ='Results vs speed'!D28 -> 8 | E26: ='Results vs speed'!E28 -> 1.2 | F26: ='Results vs speed'!M28 -> 0 | G26: ='Results vs speed'!N28 -> Ian skimmed tank before tests. Previous test with model rotated bow to port, following tests with bow rotated to starboard. Data recorded for only 5 sec, not 10 sec. After set to 16 degs | I26: ='Results vs speed'!Q28 -> 1.2516432 | J26: ='Results vs speed'!L28 -> 1.1942638 | K26: ='Results vs speed'!O28 -> 1.3806132 | L26: =J26/SQRT($K$3*$M$3) -> 0.35402732 | M26: =K26/(0.5*$P$3*$O$3*$J26^2) -> 0.011877194 | N26: 16 | O26: =$Q$3*10^($R$3/($N26+273-$S$3)) -> 0.0011112826 | P26: =$P$3*J26*$M$3/$O26 -> 1246619 | Q26: =0.075/(LOG10($P26)-2)^2 -> 0.0044709296 | R26: =$L26^4/$Q26 -> 3.5135755 | S26: =$M26/$Q26 -> 2.656538 | U26: =0.075/(LOG10($P26*10)-2)^2 -> 0.0028883366 | V26: =Q26-U26 -> 0.001582593 | W26: =$V26*W$10 -> 0.001582593 | X26: =W26/M26 -> 0.13324636 | Y26: 1.6 | Z26: =M26-$Y26*(Q26-U26) -> 0.0093450457 | AA26: =Z26*$O$3/$AA$12 -> 0.031213985 | AB26: =AA26-'Results vs speed'!W28 -> -0.0084577919
A27: ='Results vs speed'!A30 -> D2 | B27: ='Results vs speed'!B30 -> V1 | C27: ='Results vs speed'!C30 -> 2 | D27: ='Results vs speed'!D30 -> 16 | E27: ='Results vs speed'!E30 -> 0.4 | F27: ='Results vs speed'!M30 -> 0 | G27: ='Results vs speed'!N30 -> Data recorded for only 5 sec, not 10 sec. Video + photo | I27: ='Results vs speed'!Q30 -> 0.032936177 | J27: ='Results vs speed'!L30 -> 0.39916287 | K27: ='Results vs speed'!O30 -> 0.11927838 | L27: =J27/SQRT($K$3*$M$3) -> 0.11832776 | M27: =K27/(0.5*$P$3*$O$3*$J27^2) -> 0.0091855217 | N27: 16 | O27: =$Q$3*10^($R$3/($N27+273-$S$3)) -> 0.0011112826 | P27: =$P$3*J27*$M$3/$O27 -> 416661.73 | Q27: =0.075/(LOG10($P27)-2)^2 -> 0.0057239528 | R27: =$L27^4/$Q27 -> 0.034249207 | S27: =$M27/$Q27 -> 1.6047515 | U27: =0.075/(LOG10($P27*10)-2)^2 -> 0.0035141314 | V27: =Q27-U27 -> 0.0022098214 | W27: =$V27*W$10 -> 0.0022098214 | X27: =W27/M27 -> 0.24057658 | Y27: 1 | Z27: =M27-$Y27*(Q27-U27) -> 0.0069757003 | AA27: =Z27*$O$3/$AA$12 -> 0.023299983 | AB27: =AA27-'Results vs speed'!W30 -> -0.0073811658
A28: ='Results vs speed'!A31 -> D2 | B28: ='Results vs speed'!B31 -> V1 | C28: ='Results vs speed'!C31 -> 3 | D28: ='Results vs speed'!D31 -> 16 | E28: ='Results vs speed'!E31 -> 0.8 | F28: ='Results vs speed'!M31 -> 10.35 | G28: ='Results vs speed'!N31 -> Data recorded for 10 sec. Ran again to check recording was working properly. Seemed ok | I28: ='Results vs speed'!Q31 -> 0.26408099 | J28: ='Results vs speed'!L31 -> 0.80877014 | K28: ='Results vs speed'!O31 -> 0.48797141 | L28: =J28/SQRT($K$3*$M$3) -> 0.23975165 | M28: =K28/(0.5*$P$3*$O$3*$J28^2) -> 0.0091534865 | N28: 16 | O28: =$Q$3*10^($R$3/($N28+273-$S$3)) -> 0.0011112826 | P28: =$P$3*J28*$M$3/$O28 -> 844225.73 | Q28: =0.075/(LOG10($P28)-2)^2 -> 0.0048647354 | R28: =$L28^4/$Q28 -> 0.67918366 | S28: =$M28/$Q28 -> 1.8816001 | U28: =0.075/(LOG10($P28*10)-2)^2 -> 0.0030902356 | V28: =Q28-U28 -> 0.0017744998 | W28: =$V28*W$10 -> 0.0017744998 | X28: =W28/M28 -> 0.19386053 | Y28: 1 | Z28: =M28-$Y28*(Q28-U28) -> 0.0073789867 | AA28: =Z28*$O$3/$AA$12 -> 0.024647025 | AB28: =AA28-'Results vs speed'!W31 -> -0.0059271202
A29: ='Results vs speed'!A32 -> D2 | B29: ='Results vs speed'!B32 -> V1 | C29: ='Results vs speed'!C32 -> 4 | D29: ='Results vs speed'!D32 -> 16 | E29: ='Results vs speed'!E32 -> 1.2 | F29: ='Results vs speed'!M32 -> 11.05 | G29: ='Results vs speed'!N32 -> 0 | I29: ='Results vs speed'!Q32 -> 1.3519908 | J29: ='Results vs speed'!L32 -> 1.1962005 | K29: ='Results vs speed'!O32 -> 2.0054195 | L29: =J29/SQRT($K$3*$M$3) -> 0.35460144 | M29: =K29/(0.5*$P$3*$O$3*$J29^2) -> 0.017196484 | N29: 16 | O29: =$Q$3*10^($R$3/($N29+273-$S$3)) -> 0.0011112826 | P29: =$P$3*J29*$M$3/$O29 -> 1248640.6 | Q29: =0.075/(LOG10($P29)-2)^2 -> 0.0044693936 | R29: =$L29^4/$Q29 -> 3.5376378 | S29: =$M29/$Q29 -> 3.84761 | U29: =0.075/(LOG10($P29*10)-2)^2 -> 0.002887539 | V29: =Q29-U29 -> 0.0015818546 | W29: =$V29*W$10 -> 0.0015818546 | X29: =W29/M29 -> 0.091987095 | Y29: 1 | Z29: =M29-$Y29*(Q29-U29) -> 0.015614629 | AA29: =Z29*$O$3/$AA$12 -> 0.052155421 | AB29: =AA29-'Results vs speed'!W32 -> -0.0052836536
A30: ='Results vs speed'!A33 -> D2 | B30: ='Results vs speed'!B33 -> V1 | C30: ='Results vs speed'!C33 -> 5 | D30: ='Results vs speed'!D33 -> 24 | E30: ='Results vs speed'!E33 -> 0.4 | F30: ='Results vs speed'!M33 -> 11.36 | G30: ='Results vs speed'!N33 -> 0 | I30: ='Results vs speed'!Q33 -> 0.052097542 | J30: ='Results vs speed'!L33 -> 0.40077542 | K30: ='Results vs speed'!O33 -> 0.30683526 | L30: =J30/SQRT($K$3*$M$3) -> 0.11880578 | M30: =K30/(0.5*$P$3*$O$3*$J30^2) -> 0.023439347 | N30: 16 | O30: =$Q$3*10^($R$3/($N30+273-$S$3)) -> 0.0011112826 | P30: =$P$3*J30*$M$3/$O30 -> 418344.97 | Q30: =0.075/(LOG10($P30)-2)^2 -> 0.0057184193 | R30: =$L30^4/$Q30 -> 0.034839691 | S30: =$M30/$Q30 -> 4.0989207 | U30: =0.075/(LOG10($P30*10)-2)^2 -> 0.0035114691 | V30: =Q30-U30 -> 0.0022069502 | W30: =$V30*W$10 -> 0.0022069502 | X30: =W30/M30 -> 0.094155786 | Y30: 1 | Z30: =M30-$Y30*(Q30-U30) -> 0.021232397 | AA30: =Z30*$O$3/$AA$12 -> 0.070919688 | AB30: =AA30-'Results vs speed'!W33 -> -0.0073715754
A31: ='Results vs speed'!A34 -> D2 | B31: ='Results vs speed'!B34 -> V1 | C31: ='Results vs speed'!C34 -> 6 | D31: ='Results vs speed'!D34 -> 24 | E31: ='Results vs speed'!E34 -> 0.8 | F31: ='Results vs speed'!M34 -> 12.04 | G31: ='Results vs speed'!N34 -> 0 | I31: ='Results vs speed'!Q34 -> 0.43205185 | J31: ='Results vs speed'!L34 -> 0.80715357 | K31: ='Results vs speed'!O34 -> 1.0403196 | L31: =J31/SQRT($K$3*$M$3) -> 0.23927244 | M31: =K31/(0.5*$P$3*$O$3*$J31^2) -> 0.019592814 | N31: 16 | O31: =$Q$3*10^($R$3/($N31+273-$S$3)) -> 0.0011112826 | P31: =$P$3*J31*$M$3/$O31 -> 842538.29 | Q31: =0.075/(LOG10($P31)-2)^2 -> 0.0048668893 | R31: =$L31^4/$Q31 -> 0.67347153 | S31: =$M31/$Q31 -> 4.0257366 | U31: =0.075/(LOG10($P31*10)-2)^2 -> 0.003091326 | V31: =Q31-U31 -> 0.0017755632 | W31: =$V31*W$10 -> 0.0017755632 | X31: =W31/M31 -> 0.090623186 | Y31: 1 | Z31: =M31-$Y31*(Q31-U31) -> 0.017817251 | AA31: =Z31*$O$3/$AA$12 -> 0.059512539 | AB31: =AA31-'Results vs speed'!W34 -> -0.0059306723
A32: ='Results vs speed'!A35 -> D2 | B32: ='Results vs speed'!B35 -> V1 | C32: ='Results vs speed'!C35 -> 7 | D32: ='Results vs speed'!D35 -> 24 | E32: ='Results vs speed'!E35 -> 1.2 | F32: ='Results vs speed'!M35 -> 12.3 | G32: ='Results vs speed'!N35 -> waterline well below on leeward side. | I32: ='Results vs speed'!Q35 -> 1.2504401 | J32: ='Results vs speed'!L35 -> 1.196084 | K32: ='Results vs speed'!O35 -> 2.8111068 | L32: =J32/SQRT($K$3*$M$3) -> 0.35456688 | M32: =K32/(0.5*$P$3*$O$3*$J32^2) -> 0.024109955 | N32: 16 | O32: =$Q$3*10^($R$3/($N32+273-$S$3)) -> 0.0011112826 | P32: =$P$3*J32*$M$3/$O32 -> 1248519 | Q32: =0.075/(LOG10($P32)-2)^2 -> 0.004469486 | R32: =$L32^4/$Q32 -> 3.5361861 | S32: =$M32/$Q32 -> 5.3943463 | U32: =0.075/(LOG10($P32*10)-2)^2 -> 0.002887587 | V32: =Q32-U32 -> 0.001581899 | W32: =$V32*W$10 -> 0.001581899 | X32: =W32/M32 -> 0.065611859 | Y32: 1 | Z32: =M32-$Y32*(Q32-U32) -> 0.022528056 | AA32: =Z32*$O$3/$AA$12 -> 0.075247401 | AB32: =AA32-'Results vs speed'!W35 -> -0.0052838019
AC33: say 1+5 = 1.5 for V1 model | AH33: V1 model
A34: ='Results vs speed'!A37 -> D2 | B34: ='Results vs speed'!B37 -> V2 | C34: ='Results vs speed'!C37 -> 1 | D34: ='Results vs speed'!D37 -> 0 | E34: ='Results vs speed'!E37 -> 0.4 | F34: ='Results vs speed'!M37 -> 13.58 | G34: ='Results vs speed'!N37 -> 0 | I34: ='Results vs speed'!Q37 -> 0.027794197 | J34: ='Results vs speed'!L37 -> 0.39910058 | K34: ='Results vs speed'!O37 -> 0.027794197 | L34: =J34/SQRT($K$3*$M$3) -> 0.11830929 | M34: =K34/(0.5*$P$3*$O$4*$J34^2) -> 0.0027053889 | N34: 16 | O34: =$Q$3*10^($R$3/($N34+273-$S$3)) -> 0.0011112826 | P34: =$P$3*J34*$M$3/$O34 -> 416596.71 | Q34: =0.075/(LOG10($P34)-2)^2 -> 0.0057241672 | R34: =$L34^4/$Q34 -> 0.034226551 | S34: =$M34/$Q34 -> 0.47262576 | U34: =0.075/(LOG10($P34*10)-2)^2 -> 0.0035142345 | V34: =Q34-U34 -> 0.0022099327 | W34: =$V34*W$10 -> 0.0022099327 | X34: =W34/M34 -> 0.81686322 | Y34: 1.4 | Z34: =M34-$Y34*(Q34-U34) -> -0.00038851685 | AA34: =Z34*$O$4/$AA$12 -> -0.001027022 | AB34: =AA34-'Results vs speed'!W37 -> -0.0081785623
A35: ='Results vs speed'!A38 -> D2 | B35: ='Results vs speed'!B38 -> V2 | C35: ='Results vs speed'!C38 -> 2 | D35: ='Results vs speed'!D38 -> 0 | E35: ='Results vs speed'!E38 -> 0.8 | F35: ='Results vs speed'!M38 -> 14.1 | G35: ='Results vs speed'!N38 -> 0 | I35: ='Results vs speed'!Q38 -> 0.43268671 | J35: ='Results vs speed'!L38 -> 0.80760298 | K35: ='Results vs speed'!O38 -> 0.43268671 | L35: =J35/SQRT($K$3*$M$3) -> 0.23940566 | M35: =K35/(0.5*$P$3*$O$4*$J35^2) -> 0.010285325 | N35: 16 | O35: =$Q$3*10^($R$3/($N35+273-$S$3)) -> 0.0011112826 | P35: =$P$3*J35*$M$3/$O35 -> 843007.4 | Q35: =0.075/(LOG10($P35)-2)^2 -> 0.0048662899 | R35: =$L35^4/$Q35 -> 0.67505579 | S35: =$M35/$Q35 -> 2.1135866 | U35: =0.075/(LOG10($P35*10)-2)^2 -> 0.0030910226 | V35: =Q35-U35 -> 0.0017752673 | W35: =$V35*W$10 -> 0.0017752673 | X35: =W35/M35 -> 0.17260196 | Y35: 1.4 | Z35: =M35-$Y35*(Q35-U35) -> 0.0077999508 | AA35: =Z35*$O$4/$AA$12 -> 0.020618722 | AB35: =AA35-'Results vs speed'!W38 -> -0.0065699442
A36: ='Results vs speed'!A39 -> D2 | B36: ='Results vs speed'!B39 -> V2 | C36: ='Results vs speed'!C39 -> 3 | D36: ='Results vs speed'!D39 -> 0 | E36: ='Results vs speed'!E39 -> 1.2 | F36: ='Results vs speed'!M39 -> 14.27 | G36: ='Results vs speed'!N39 -> 0 | I36: ='Results vs speed'!Q39 -> 0.82467747 | J36: ='Results vs speed'!L39 -> 1.1963631 | K36: ='Results vs speed'!O39 -> 0.82467747 | L36: =J36/SQRT($K$3*$M$3) -> 0.35464963 | M36: =K36/(0.5*$P$3*$O$4*$J36^2) -> 0.0089330219 | N36: 16 | O36: =$Q$3*10^($R$3/($N36+273-$S$3)) -> 0.0011112826 | P36: =$P$3*J36*$M$3/$O36 -> 1248810.3 | Q36: =0.075/(LOG10($P36)-2)^2 -> 0.0044692648 | R36: =$L36^4/$Q36 -> 3.5396633 | S36: =$M36/$Q36 -> 1.9987676 | U36: =0.075/(LOG10($P36*10)-2)^2 -> 0.0028874722 | V36: =Q36-U36 -> 0.0015817927 | W36: =$V36*W$10 -> 0.0015817927 | X36: =W36/M36 -> 0.17707252 | Y36: 1.4 | Z36: =M36-$Y36*(Q36-U36) -> 0.0067185121 | AA36: =Z36*$O$4/$AA$12 -> 0.017760001 | AB36: =AA36-'Results vs speed'!W39 -> -0.0058539295
A37: ='Results vs speed'!A40 -> D2 | B37: ='Results vs speed'!B40 -> V2 | C37: ='Results vs speed'!C40 -> 4 | D37: ='Results vs speed'!D40 -> 0 | E37: ='Results vs speed'!E40 -> 1.6 | F37: ='Results vs speed'!M40 -> 14.56 | G37: ='Results vs speed'!N40 -> 0 | I37: ='Results vs speed'!Q40 -> 1.2398563 | J37: ='Results vs speed'!L40 -> 1.6066749 | K37: ='Results vs speed'!O40 -> 1.2398563 | L37: =J37/SQRT($K$3*$M$3) -> 0.47628237 | M37: =K37/(0.5*$P$3*$O$4*$J37^2) -> 0.0074465593 | N37: 16 | O37: =$Q$3*10^($R$3/($N37+273-$S$3)) -> 0.0011112826 | P37: =$P$3*J37*$M$3/$O37 -> 1677109.7 | Q37: =0.075/(LOG10($P37)-2)^2 -> 0.0042024059 | R37: =$L37^4/$Q37 -> 12.245035 | S37: =$M37/$Q37 -> 1.7719753 | U37: =0.075/(LOG10($P37*10)-2)^2 -> 0.002747651 | V37: =Q37-U37 -> 0.0014547548 | W37: =$V37*W$10 -> 0.0014547548 | X37: =W37/M37 -> 0.19535933 | Y37: 1.4 | Z37: =M37-$Y37*(Q37-U37) -> 0.0054099025 | AA37: =Z37*$O$4/$AA$12 -> 0.014300767 | AB37: =AA37-'Results vs speed'!W40 -> -0.0053837853
A38: ='Results vs speed'!A42 -> D2 | B38: ='Results vs speed'!B42 -> V2 | C38: ='Results vs speed'!C42 -> 5 | D38: ='Results vs speed'!D42 -> 8 | E38: ='Results vs speed'!E42 -> 0.4 | F38: ='Results vs speed'!M42 -> 15.33 | G38: ='Results vs speed'!N42 -> 0 | I38: ='Results vs speed'!Q42 -> 0.03394792 | J38: ='Results vs speed'!L42 -> 0.40032756 | K38: ='Results vs speed'!O42 -> 0.06273998 | L38: =J38/SQRT($K$3*$M$3) -> 0.11867302 | M38: =K38/(0.5*$P$3*$O$4*$J38^2) -> 0.0060695107 | N38: 16 | O38: =$Q$3*10^($R$3/($N38+273-$S$3)) -> 0.0011112826 | P38: =$P$3*J38*$M$3/$O38 -> 417877.48 | Q38: =0.075/(LOG10($P38)-2)^2 -> 0.0057199531 | R38: =$L38^4/$Q38 -> 0.034674923 | S38: =$M38/$Q38 -> 1.061112 | U38: =0.075/(LOG10($P38*10)-2)^2 -> 0.0035122071 | V38: =Q38-U38 -> 0.002207746 | W38: =$V38*W$10 -> 0.002207746 | X38: =W38/M38 -> 0.36374365 | Y38: 1.4 | Z38: =M38-$Y38*(Q38-U38) -> 0.0029786663 | AA38: =Z38*$O$4/$AA$12 -> 0.0078739336 | AB38: =AA38-'Results vs speed'!W42 -> -0.0081704697
A39: ='Results vs speed'!A43 -> D2 | B39: ='Results vs speed'!B43 -> V2 | C39: ='Results vs speed'!C43 -> 6 | D39: ='Results vs speed'!D43 -> 8 | E39: ='Results vs speed'!E43 -> 0.8 | F39: ='Results vs speed'!M43 -> 15.47 | G39: ='Results vs speed'!N43 -> 0 | I39: ='Results vs speed'!Q43 -> 0.4139941 | J39: ='Results vs speed'!L43 -> 0.80967196 | K39: ='Results vs speed'!O43 -> 0.53100439 | L39: =J39/SQRT($K$3*$M$3) -> 0.24001899 | M39: =K39/(0.5*$P$3*$O$4*$J39^2) -> 0.012557992 | N39: 16 | O39: =$Q$3*10^($R$3/($N39+273-$S$3)) -> 0.0011112826 | P39: =$P$3*J39*$M$3/$O39 -> 845167.09 | Q39: =0.075/(LOG10($P39)-2)^2 -> 0.0048635363 | R39: =$L39^4/$Q39 -> 0.68238622 | S39: =$M39/$Q39 -> 2.5820701 | U39: =0.075/(LOG10($P39*10)-2)^2 -> 0.0030896285 | V39: =Q39-U39 -> 0.0017739078 | W39: =$V39*W$10 -> 0.0017739078 | X39: =W39/M39 -> 0.14125728 | Y39: 1.4 | Z39: =M39-$Y39*(Q39-U39) -> 0.010074521 | AA39: =Z39*$O$4/$AA$12 -> 0.026631418 | AB39: =AA39-'Results vs speed'!W43 -> -0.0065649129
A40: ='Results vs speed'!A44 -> D2 | B40: ='Results vs speed'!B44 -> V2 | C40: ='Results vs speed'!C44 -> 7 | D40: ='Results vs speed'!D44 -> 8 | E40: ='Results vs speed'!E44 -> 1.2 | F40: ='Results vs speed'!M44 -> 0 | G40: ='Results vs speed'!N44 -> 0 | I40: ='Results vs speed'!Q44 -> 0.65637535 | J40: ='Results vs speed'!L44 -> 1.1992925 | K40: ='Results vs speed'!O44 -> 0.95143993 | L40: =J40/SQRT($K$3*$M$3) -> 0.35551802 | M40: =K40/(0.5*$P$3*$O$4*$J40^2) -> 0.010255844 | N40: 16 | O40: =$Q$3*10^($R$3/($N40+273-$S$3)) -> 0.0011112826 | P40: =$P$3*J40*$M$3/$O40 -> 1251868.2 | Q40: =0.075/(LOG10($P40)-2)^2 -> 0.0044669482 | R40: =$L40^4/$Q40 -> 3.5763134 | S40: =$M40/$Q40 -> 2.2959398 | U40: =0.075/(LOG10($P40*10)-2)^2 -> 0.002886269 | V40: =Q40-U40 -> 0.0015806792 | W40: =$V40*W$10 -> 0.0015806792 | X40: =W40/M40 -> 0.15412473 | Y40: 1.4 | Z40: =M40-$Y40*(Q40-U40) -> 0.0080428934 | AA40: =Z40*$O$4/$AA$12 -> 0.021260927 | AB40: =AA40-'Results vs speed'!W44 -> -0.0058498086
A41: ='Results vs speed'!A45 -> D2 | B41: ='Results vs speed'!B45 -> V2 | C41: ='Results vs speed'!C45 -> 8 | D41: ='Results vs speed'!D45 -> 8 | E41: ='Results vs speed'!E45 -> 1.6 | F41: ='Results vs speed'!M45 -> 0 | G41: ='Results vs speed'!N45 -> Final run of the day | I41: ='Results vs speed'!Q45 -> 1.172608 | J41: ='Results vs speed'!L45 -> 1.6056374 | K41: ='Results vs speed'!O45 -> 1.6827219 | L41: =J41/SQRT($K$3*$M$3) -> 0.47597481 | M41: =K41/(0.5*$P$3*$O$4*$J41^2) -> 0.010119468 | N41: 16 | O41: =$Q$3*10^($R$3/($N41+273-$S$3)) -> 0.0011112826 | P41: =$P$3*J41*$M$3/$O41 -> 1676026.7 | Q41: =0.075/(LOG10($P41)-2)^2 -> 0.0042029641 | R41: =$L41^4/$Q41 -> 12.211815 | S41: =$M41/$Q41 -> 2.407698 | U41: =0.075/(LOG10($P41*10)-2)^2 -> 0.0027479461 | V41: =Q41-U41 -> 0.0014550179 | W41: =$V41*W$10 -> 0.0014550179 | X41: =W41/M41 -> 0.14378403 | Y41: 1.4 | Z41: =M41-$Y41*(Q41-U41) -> 0.0080824432 | AA41: =Z41*$O$4/$AA$12 -> 0.021365475 | AB41: =AA41-'Results vs speed'!W45 -> -0.0053847589
A42: ='Results vs speed'!A46 -> D3 | B42: ='Results vs speed'!B46 -> V2 | C42: ='Results vs speed'!C46 -> 9 | D42: ='Results vs speed'!D46 -> 8 | E42: ='Results vs speed'!E46 -> 1.6 | F42: ='Results vs speed'!M46 -> 0 | G42: ='Results vs speed'!N46 -> dropped model again to even water line | I42: ='Results vs speed'!Q46 -> 1.3222435 | J42: ='Results vs speed'!L46 -> 1.6035809 | K42: ='Results vs speed'!O46 -> 1.8053298 | L42: =J42/SQRT($K$3*$M$3) -> 0.47536518 | M42: =K42/(0.5*$P$3*$O$4*$J42^2) -> 0.010884666 | N42: 16 | O42: =$Q$3*10^($R$3/($N42+273-$S$3)) -> 0.0011112826 | P42: =$P$3*J42*$M$3/$O42 -> 1673880.1 | Q42: =0.075/(LOG10($P42)-2)^2 -> 0.0042040719 | R42: =$L42^4/$Q42 -> 12.14617 | S42: =$M42/$Q42 -> 2.589077 | U42: =0.075/(LOG10($P42*10)-2)^2 -> 0.0027485318 | V42: =Q42-U42 -> 0.0014555401 | W42: =$V42*W$10 -> 0.0014555401 | X42: =W42/M42 -> 0.13372391 | Y42: 1.4 | Z42: =M42-$Y42*(Q42-U42) -> 0.0088469098 | AA42: =Z42*$O$4/$AA$12 -> 0.023386298 | AB42: =AA42-'Results vs speed'!W46 -> -0.0053866914
A43: ='Results vs speed'!A47 -> D3 | B43: ='Results vs speed'!B47 -> V2 | C43: ='Results vs speed'!C47 -> 10 | D43: ='Results vs speed'!D47 -> 8 | E43: ='Results vs speed'!E47 -> 1.6 | F43: ='Results vs speed'!M47 -> 0 | G43: ='Results vs speed'!N47 -> good run, wrong clapper board used in test | I43: ='Results vs speed'!Q47 -> 1.2066383 | J43: ='Results vs speed'!L47 -> 1.6035679 | K43: ='Results vs speed'!O47 -> 1.6372182 | L43: =J43/SQRT($K$3*$M$3) -> 0.47536134 | M43: =K43/(0.5*$P$3*$O$4*$J43^2) -> 0.0098712495 | N43: 16 | O43: =$Q$3*10^($R$3/($N43+273-$S$3)) -> 0.0011112826 | P43: =$P$3*J43*$M$3/$O43 -> 1673866.5 | Q43: =0.075/(LOG10($P43)-2)^2 -> 0.0042040788 | R43: =$L43^4/$Q43 -> 12.145757 | S43: =$M43/$Q43 -> 2.3480172 | U43: =0.075/(LOG10($P43*10)-2)^2 -> 0.0027485355 | V43: =Q43-U43 -> 0.0014555434 | W43: =$V43*W$10 -> 0.0014555434 | X43: =W43/M43 -> 0.1474528 | Y43: 1.4 | Z43: =M43-$Y43*(Q43-U43) -> 0.0078334887 | AA43: =Z43*$O$4/$AA$12 -> 0.020707378 | AB43: =AA43-'Results vs speed'!W47 -> -0.0053867036
A44: ='Results vs speed'!A49 -> D3 | B44: ='Results vs speed'!B49 -> V2 | C44: ='Results vs speed'!C49 -> 11 | D44: ='Results vs speed'!D49 -> 16 | E44: ='Results vs speed'!E49 -> 0.4 | F44: ='Results vs speed'!M49 -> 0 | G44: ='Results vs speed'!N49 -> 0 | I44: ='Results vs speed'!Q49 -> 0.021124126 | J44: ='Results vs speed'!L49 -> 0.40042878 | K44: ='Results vs speed'!O49 -> 0.1730919 | L44: =J44/SQRT($K$3*$M$3) -> 0.11870302 | M44: =K44/(0.5*$P$3*$O$4*$J44^2) -> 0.01673657 | N44: 16 | O44: =$Q$3*10^($R$3/($N44+273-$S$3)) -> 0.0011112826 | P44: =$P$3*J44*$M$3/$O44 -> 417983.13 | Q44: =0.075/(LOG10($P44)-2)^2 -> 0.0057196063 | R44: =$L44^4/$Q44 -> 0.034712109 | S44: =$M44/$Q44 -> 2.9261752 | U44: =0.075/(LOG10($P44*10)-2)^2 -> 0.0035120403 | V44: =Q44-U44 -> 0.002207566 | W44: =$V44*W$10 -> 0.002207566 | X44: =W44/M44 -> 0.13190074 | Y44: 1 | Z44: =M44-$Y44*(Q44-U44) -> 0.014529004 | AA44: =Z44*$O$4/$AA$12 -> 0.038406589 | AB44: =AA44-'Results vs speed'!W49 -> -0.005835574
A45: ='Results vs speed'!A50 -> D3 | B45: ='Results vs speed'!B50 -> V2 | C45: ='Results vs speed'!C50 -> 12 | D45: ='Results vs speed'!D50 -> 16 | E45: ='Results vs speed'!E50 -> 0.8 | F45: ='Results vs speed'!M50 -> 0 | G45: ='Results vs speed'!N50 -> 0 | I45: ='Results vs speed'!Q50 -> 0.26303212 | J45: ='Results vs speed'!L50 -> 0.81018731 | K45: ='Results vs speed'!O50 -> 0.92767938 | L45: =J45/SQRT($K$3*$M$3) -> 0.24017176 | M45: =K45/(0.5*$P$3*$O$4*$J45^2) -> 0.021911258 | N45: 16 | O45: =$Q$3*10^($R$3/($N45+273-$S$3)) -> 0.0011112826 | P45: =$P$3*J45*$M$3/$O45 -> 845705.03 | Q45: =0.075/(LOG10($P45)-2)^2 -> 0.0048628519 | R45: =$L45^4/$Q45 -> 0.6842215 | S45: =$M45/$Q45 -> 4.5058453 | U45: =0.075/(LOG10($P45*10)-2)^2 -> 0.003089282 | V45: =Q45-U45 -> 0.0017735699 | W45: =$V45*W$10 -> 0.0017735699 | X45: =W45/M45 -> 0.080943318 | Y45: 1 | Z45: =M45-$Y45*(Q45-U45) -> 0.020137688 | AA45: =Z45*$O$4/$AA$12 -> 0.053232823 | AB45: =AA45-'Results vs speed'!W50 -> -0.0046883304
A46: ='Results vs speed'!A51 -> D3 | B46: ='Results vs speed'!B51 -> V2 | C46: ='Results vs speed'!C51 -> 13 | D46: ='Results vs speed'!D51 -> 16 | E46: ='Results vs speed'!E51 -> 1.2 | F46: ='Results vs speed'!M51 -> 0 | G46: ='Results vs speed'!N51 -> 0 | I46: ='Results vs speed'!Q51 -> 0.51690693 | J46: ='Results vs speed'!L51 -> 1.1978846 | K46: ='Results vs speed'!O51 -> 2.071332 | L46: =J46/SQRT($K$3*$M$3) -> 0.35510065 | M46: =K46/(0.5*$P$3*$O$4*$J46^2) -> 0.02238 | N46: 16 | O46: =$Q$3*10^($R$3/($N46+273-$S$3)) -> 0.0011112826 | P46: =$P$3*J46*$M$3/$O46 -> 1250398.5 | Q46: =0.075/(LOG10($P46)-2)^2 -> 0.0044680607 | R46: =$L46^4/$Q46 -> 3.5586625 | S46: =$M46/$Q46 -> 5.0088844 | U46: =0.075/(LOG10($P46*10)-2)^2 -> 0.0028868468 | V46: =Q46-U46 -> 0.0015812139 | W46: =$V46*W$10 -> 0.0015812139 | X46: =W46/M46 -> 0.07065299 | Y46: 1 | Z46: =M46-$Y46*(Q46-U46) -> 0.020798786 | AA46: =Z46*$O$4/$AA$12 -> 0.054980397 | AB46: =AA46-'Results vs speed'!W51 -> -0.0041798482
A47: ='Results vs speed'!A52 -> D3 | B47: ='Results vs speed'!B52 -> V2 | C47: ='Results vs speed'!C52 -> 14 | D47: ='Results vs speed'!D52 -> 16 | E47: ='Results vs speed'!E52 -> 1.6 | F47: ='Results vs speed'!M52 -> 0 | G47: ='Results vs speed'!N52 -> water over bow a bit. Adjusted angle?? | I47: ='Results vs speed'!Q52 -> 1.1406453 | J47: ='Results vs speed'!L52 -> 1.6058393 | K47: ='Results vs speed'!O52 -> 3.5402593 | L47: =J47/SQRT($K$3*$M$3) -> 0.47603467 | M47: =K47/(0.5*$P$3*$O$4*$J47^2) -> 0.021284879 | N47: 16 | O47: =$Q$3*10^($R$3/($N47+273-$S$3)) -> 0.0011112826 | P47: =$P$3*J47*$M$3/$O47 -> 1676237.5 | Q47: =0.075/(LOG10($P47)-2)^2 -> 0.0042028554 | R47: =$L47^4/$Q47 -> 12.218275 | S47: =$M47/$Q47 -> 5.0643853 | U47: =0.075/(LOG10($P47*10)-2)^2 -> 0.0027478887 | V47: =Q47-U47 -> 0.0014549667 | W47: =$V47*W$10 -> 0.0014549667 | X47: =W47/M47 -> 0.068356823 | Y47: 1 | Z47: =M47-$Y47*(Q47-U47) -> 0.019829912 | AA47: =Z47*$O$4/$AA$12 -> 0.052419235 | AB47: =AA47-'Results vs speed'!W52 -> -0.003846121
A48: ='Results vs speed'!A53 -> D3 | B48: ='Results vs speed'!B53 -> V2 | C48: ='Results vs speed'!C53 -> 15 | D48: ='Results vs speed'!D53 -> 24 | E48: ='Results vs speed'!E53 -> 0.4 | F48: ='Results vs speed'!M53 -> 0 | G48: ='Results vs speed'!N53 -> 0 | I48: ='Results vs speed'!Q53 -> 0.049012164 | J48: ='Results vs speed'!L53 -> 0.40032908 | K48: ='Results vs speed'!O53 -> 0.46712446 | L48: =J48/SQRT($K$3*$M$3) -> 0.11867347 | M48: =K48/(0.5*$P$3*$O$4*$J48^2) -> 0.045189612 | N48: 16 | O48: =$Q$3*10^($R$3/($N48+273-$S$3)) -> 0.0011112826 | P48: =$P$3*J48*$M$3/$O48 -> 417879.07 | Q48: =0.075/(LOG10($P48)-2)^2 -> 0.0057199479 | R48: =$L48^4/$Q48 -> 0.034675482 | S48: =$M48/$Q48 -> 7.9003537 | U48: =0.075/(LOG10($P48*10)-2)^2 -> 0.0035122046 | V48: =Q48-U48 -> 0.0022077432 | W48: =$V48*W$10 -> 0.0022077432 | X48: =W48/M48 -> 0.048855106 | Y48: 1 | Z48: =M48-$Y48*(Q48-U48) -> 0.042981868 | AA48: =Z48*$O$4/$AA$12 -> 0.1136201 | AB48: =AA48-'Results vs speed'!W53 -> -0.0058360426
A49: ='Results vs speed'!A54 -> D3 | B49: ='Results vs speed'!B54 -> V2 | C49: ='Results vs speed'!C54 -> 16 | D49: ='Results vs speed'!D54 -> 24 | E49: ='Results vs speed'!E54 -> 0.8 | F49: ='Results vs speed'!M54 -> 0 | G49: ='Results vs speed'!N54 -> 0 | I49: ='Results vs speed'!Q54 -> 0.21040114 | J49: ='Results vs speed'!L54 -> 0.80901095 | K49: ='Results vs speed'!O54 -> 1.876156 | L49: =J49/SQRT($K$3*$M$3) -> 0.23982304 | M49: =K49/(0.5*$P$3*$O$4*$J49^2) -> 0.044442701 | N49: 16 | O49: =$Q$3*10^($R$3/($N49+273-$S$3)) -> 0.0011112826 | P49: =$P$3*J49*$M$3/$O49 -> 844477.09 | Q49: =0.075/(LOG10($P49)-2)^2 -> 0.004864415 | R49: =$L49^4/$Q49 -> 0.68003767 | S49: =$M49/$Q49 -> 9.136289 | U49: =0.075/(LOG10($P49*10)-2)^2 -> 0.0030900734 | V49: =Q49-U49 -> 0.0017743416 | W49: =$V49*W$10 -> 0.0017743416 | X49: =W49/M49 -> 0.039924252 | Y49: 1 | Z49: =M49-$Y49*(Q49-U49) -> 0.04266836 | AA49: =Z49*$O$4/$AA$12 -> 0.11279136 | AB49: =AA49-'Results vs speed'!W54 -> -0.0046903703
A50: ='Results vs speed'!A55 -> D3 | B50: ='Results vs speed'!B55 -> V2 | C50: ='Results vs speed'!C55 -> 18 | D50: ='Results vs speed'!D55 -> 24 | E50: ='Results vs speed'!E55 -> 1 | F50: ='Results vs speed'!M55 -> 14.12 | G50: ='Results vs speed'!N55 -> 0 | I50: ='Results vs speed'!Q55 -> 0.44262714 | J50: ='Results vs speed'!L55 -> 1.0031924 | K50: ='Results vs speed'!O55 -> 3.0296824 | L50: =J50/SQRT($K$3*$M$3) -> 0.29738614 | M50: =K50/(0.5*$P$3*$O$4*$J50^2) -> 0.046673348 | N50: 16 | O50: =$Q$3*10^($R$3/($N50+273-$S$3)) -> 0.0011112826 | P50: =$P$3*J50*$M$3/$O50 -> 1047171.2 | Q50: =0.075/(LOG10($P50)-2)^2 -> 0.0046409334 | R50: =$L50^4/$Q50 -> 1.6853013 | S50: =$M50/$Q50 -> 10.056888 | U50: =0.075/(LOG10($P50*10)-2)^2 -> 0.0029761223 | V50: =Q50-U50 -> 0.0016648111 | W50: =$V50*W$10 -> 0.0016648111 | X50: =W50/M50 -> 0.035669417 | Y50: 1 | Z50: =M50-$Y50*(Q50-U50) -> 0.045008537 | AA50: =Z50*$O$4/$AA$12 -> 0.11897748 | AB50: =AA50-'Results vs speed'!W55 -> -0.0044008327
A51: ='Results vs speed'!A56 -> D3 | B51: ='Results vs speed'!B56 -> V2 | C51: ='Results vs speed'!C56 -> 17 | D51: ='Results vs speed'!D56 -> 24 | E51: ='Results vs speed'!E56 -> 1.2 | F51: ='Results vs speed'!M56 -> 0 | G51: ='Results vs speed'!N56 -> a Little water over bow. Reduce speed to 1.0m/s to capture curve more accurately | I51: ='Results vs speed'!Q56 -> 0.67291717 | J51: ='Results vs speed'!L56 -> 1.1947297 | K51: ='Results vs speed'!O56 -> 3.935402 | L51: =J51/SQRT($K$3*$M$3) -> 0.35416542 | M51: =K51/(0.5*$P$3*$O$4*$J51^2) -> 0.042745469 | N51: 16 | O51: =$Q$3*10^($R$3/($N51+273-$S$3)) -> 0.0011112826 | P51: =$P$3*J51*$M$3/$O51 -> 1247105.3 | Q51: =0.075/(LOG10($P51)-2)^2 -> 0.0044705598 | R51: =$L51^4/$Q51 -> 3.5193521 | S51: =$M51/$Q51 -> 9.5615472 | U51: =0.075/(LOG10($P51*10)-2)^2 -> 0.0028881446 | V51: =Q51-U51 -> 0.0015824152 | W51: =$V51*W$10 -> 0.0015824152 | X51: =W51/M51 -> 0.037019484 | Y51: 1 | Z51: =M51-$Y51*(Q51-U51) -> 0.041163053 | AA51: =Z51*$O$4/$AA$12 -> 0.10881217 | AB51: =AA51-'Results vs speed'!W56 -> -0.0041830238
AC52: say 1+k = 0.9 for V2 model
A53: ='Results vs speed'!A58 -> D4 | B53: ='Results vs speed'!B58 -> V3 | C53: ='Results vs speed'!C58 -> 24 | D53: ='Results vs speed'!D58 -> 0 | E53: ='Results vs speed'!E58 -> 0.4 | F53: ='Results vs speed'!M58 -> 9.26 | G53: ='Results vs speed'!N58 -> Twater = 16 | I53: ='Results vs speed'!Q58 -> 0.033049399 | J53: ='Results vs speed'!L58 -> 0.40046712 | K53: ='Results vs speed'!O58 -> 0.033049399 | L53: =J53/SQRT($K$3*$M$3) -> 0.11871439 | M53: =K53/(0.5*$P$3*$O$5*$J53^2) -> 0.0037131017 | N53: 16 | O53: =$Q$3*10^($R$3/($N53+273-$S$3)) -> 0.0011112826 | P53: =$P$3*J53*$M$3/$O53 -> 418023.16 | Q53: =0.075/(LOG10($P53)-2)^2 -> 0.0057194749 | R53: =$L53^4/$Q53 -> 0.034726205 | S53: =$M53/$Q53 -> 0.64920325 | U53: =0.075/(LOG10($P53*10)-2)^2 -> 0.0035119771 | V53: =Q53-U53 -> 0.0022074978 | W53: =$V53*W$10 -> 0.0022074978 | X53: =W53/M53 -> 0.59451585 | Y53: 1.2 | Z53: =M53-$Y53*(Q53-U53) -> 0.0010641043 | AA53: =Z53*$O$5/$AA$12 -> 0.0024204012 | AB53: =AA53-'Results vs speed'!W58 -> -0.0060253834
A54: ='Results vs speed'!A59 -> D4 | B54: ='Results vs speed'!B59 -> V3 | C54: ='Results vs speed'!C59 -> 25 | D54: ='Results vs speed'!D59 -> 0 | E54: ='Results vs speed'!E59 -> 0.8 | F54: ='Results vs speed'!M59 -> 9.37 | G54: ='Results vs speed'!N59 -> 0 | I54: ='Results vs speed'!Q59 -> 0.15088019 | J54: ='Results vs speed'!L59 -> 0.808833 | K54: ='Results vs speed'!O59 -> 0.15088019 | L54: =J54/SQRT($K$3*$M$3) -> 0.23977029 | M54: =K54/(0.5*$P$3*$O$5*$J54^2) -> 0.004155483 | N54: 16 | O54: =$Q$3*10^($R$3/($N54+273-$S$3)) -> 0.0011112826 | P54: =$P$3*J54*$M$3/$O54 -> 844291.34 | Q54: =0.075/(LOG10($P54)-2)^2 -> 0.0048646517 | R54: =$L54^4/$Q54 -> 0.6794065 | S54: =$M54/$Q54 -> 0.85422003 | U54: =0.075/(LOG10($P54*10)-2)^2 -> 0.0030901933 | V54: =Q54-U54 -> 0.0017744585 | W54: =$V54*W$10 -> 0.0017744585 | X54: =W54/M54 -> 0.42701619 | Y54: 1.2 | Z54: =M54-$Y54*(Q54-U54) -> 0.0020261328 | AA54: =Z54*$O$5/$AA$12 -> 0.0046086217 | AB54: =AA54-'Results vs speed'!W59 -> -0.004843399 | AH54: V2 model
A55: ='Results vs speed'!A60 -> D4 | B55: ='Results vs speed'!B60 -> V3 | C55: ='Results vs speed'!C60 -> 26 | D55: ='Results vs speed'!D60 -> 0 | E55: ='Results vs speed'!E60 -> 1.2 | F55: ='Results vs speed'!M60 -> 9.52 | G55: ='Results vs speed'!N60 -> 0 | I55: ='Results vs speed'!Q60 -> 0.54744193 | J55: ='Results vs speed'!L60 -> 1.1964935 | K55: ='Results vs speed'!O60 -> 0.54744193 | L55: =J55/SQRT($K$3*$M$3) -> 0.35468827 | M55: =K55/(0.5*$P$3*$O$5*$J55^2) -> 0.0068900824 | N55: 16 | O55: =$Q$3*10^($R$3/($N55+273-$S$3)) -> 0.0011112826 | P55: =$P$3*J55*$M$3/$O55 -> 1248946.4 | Q55: =0.075/(LOG10($P55)-2)^2 -> 0.0044691616 | R55: =$L55^4/$Q55 -> 3.5412882 | S55: =$M55/$Q55 -> 1.5416946 | U55: =0.075/(LOG10($P55*10)-2)^2 -> 0.0028874185 | V55: =Q55-U55 -> 0.001581743 | W55: =$V55*W$10 -> 0.001581743 | X55: =W55/M55 -> 0.22956809 | Y55: 1.2 | Z55: =M55-$Y55*(Q55-U55) -> 0.0049919908 | AA55: =Z55*$O$5/$AA$12 -> 0.011354733 | AB55: =AA55-'Results vs speed'!W60 -> -0.0043173806
A56: ='Results vs speed'!A61 -> D4 | B56: ='Results vs speed'!B61 -> V3 | C56: ='Results vs speed'!C61 -> 27 | D56: ='Results vs speed'!D61 -> 4 | E56: ='Results vs speed'!E61 -> 0.4 | F56: ='Results vs speed'!M61 -> 10.19 | G56: ='Results vs speed'!N61 -> 0 | I56: ='Results vs speed'!Q61 -> 0.015800436 | J56: ='Results vs speed'!L61 -> 0.39939811 | K56: ='Results vs speed'!O61 -> 0.022953411 | L56: =J56/SQRT($K$3*$M$3) -> 0.11839749 | M56: =K56/(0.5*$P$3*$O$5*$J56^2) -> 0.0025926401 | N56: 16 | O56: =$Q$3*10^($R$3/($N56+273-$S$3)) -> 0.0011112826 | P56: =$P$3*J56*$M$3/$O56 -> 416907.29 | Q56: =0.075/(LOG10($P56)-2)^2 -> 0.0057231437 | R56: =$L56^4/$Q56 -> 0.03433487 | S56: =$M56/$Q56 -> 0.45300978 | U56: =0.075/(LOG10($P56*10)-2)^2 -> 0.0035137422 | V56: =Q56-U56 -> 0.0022094015 | W56: =$V56*W$10 -> 0.0022094015 | X56: =W56/M56 -> 0.85218212 | Y56: 1.2 | Z56: =M56-$Y56*(Q56-U56) -> -5.864175e-05 | AA56: =Z56*$O$5/$AA$12 -> -0.00013338595 | AB56: =AA56-'Results vs speed'!W61 -> -0.0060305795
A57: ='Results vs speed'!A62 -> D4 | B57: ='Results vs speed'!B62 -> V3 | C57: ='Results vs speed'!C62 -> 28 | D57: ='Results vs speed'!D62 -> 4 | E57: ='Results vs speed'!E62 -> 0.8 | F57: ='Results vs speed'!M62 -> 10.33 | G57: ='Results vs speed'!N62 -> 0 | I57: ='Results vs speed'!Q62 -> 0.24131895 | J57: ='Results vs speed'!L62 -> 0.80615513 | K57: ='Results vs speed'!O62 -> 0.27120161 | L57: =J57/SQRT($K$3*$M$3) -> 0.23897646 | M57: =K57/(0.5*$P$3*$O$5*$J57^2) -> 0.0075190338 | N57: 16 | O57: =$Q$3*10^($R$3/($N57+273-$S$3)) -> 0.0011112826 | P57: =$P$3*J57*$M$3/$O57 -> 841496.08 | Q57: =0.075/(LOG10($P57)-2)^2 -> 0.0048682224 | R57: =$L57^4/$Q57 -> 0.66996185 | S57: =$M57/$Q57 -> 1.5445132 | U57: =0.075/(LOG10($P57*10)-2)^2 -> 0.0030920009 | V57: =Q57-U57 -> 0.0017762216 | W57: =$V57*W$10 -> 0.0017762216 | X57: =W57/M57 -> 0.23623003 | Y57: 1.2 | Z57: =M57-$Y57*(Q57-U57) -> 0.005387568 | AA57: =Z57*$O$5/$AA$12 -> 0.012254509 | AB57: =AA57-'Results vs speed'!W62 -> -0.0048482113
A58: ='Results vs speed'!A63 -> D4 | B58: ='Results vs speed'!B63 -> V3 | C58: ='Results vs speed'!C63 -> 29 | D58: ='Results vs speed'!D63 -> 4 | E58: ='Results vs speed'!E63 -> 1.2 | F58: ='Results vs speed'!M63 -> 11.07 | G58: ='Results vs speed'!N63 -> adjusted to 8degs | I58: ='Results vs speed'!Q63 -> 0.48651784 | J58: ='Results vs speed'!L63 -> 1.1966284 | K58: ='Results vs speed'!O63 -> 0.55746651 | L58: =J58/SQRT($K$3*$M$3) -> 0.35472829 | M58: =K58/(0.5*$P$3*$O$5*$J58^2) -> 0.0070146686 | N58: 16 | O58: =$Q$3*10^($R$3/($N58+273-$S$3)) -> 0.0011112826 | P58: =$P$3*J58*$M$3/$O58 -> 1249087.3 | Q58: =0.075/(LOG10($P58)-2)^2 -> 0.0044690547 | R58: =$L58^4/$Q58 -> 3.5429711 | S58: =$M58/$Q58 -> 1.569609 | U58: =0.075/(LOG10($P58*10)-2)^2 -> 0.002887363 | V58: =Q58-U58 -> 0.0015816917 | W58: =$V58*W$10 -> 0.0015816917 | X58: =W58/M58 -> 0.22548345 | Y58: 1.2 | Z58: =M58-$Y58*(Q58-U58) -> 0.0051166386 | AA58: =Z58*$O$5/$AA$12 -> 0.011638256 | AB58: =AA58-'Results vs speed'!W63 -> -0.0043172404
A59: ='Results vs speed'!A64 -> D4 | B59: ='Results vs speed'!B64 -> V3 | C59: ='Results vs speed'!C64 -> 30 | D59: ='Results vs speed'!D64 -> 8 | E59: ='Results vs speed'!E64 -> 0.4 | F59: ='Results vs speed'!M64 -> 0 | G59: ='Results vs speed'!N64 -> 0 | I59: ='Results vs speed'!Q64 -> 0.10256258 | J59: ='Results vs speed'!L64 -> 0.39947481 | K59: ='Results vs speed'!O64 -> 0.13645773 | L59: =J59/SQRT($K$3*$M$3) -> 0.11842023 | M59: =K59/(0.5*$P$3*$O$5*$J59^2) -> 0.015407293 | N59: 16 | O59: =$Q$3*10^($R$3/($N59+273-$S$3)) -> 0.0011112826 | P59: =$P$3*J59*$M$3/$O59 -> 416987.35 | Q59: =0.075/(LOG10($P59)-2)^2 -> 0.00572288 | R59: =$L59^4/$Q59 -> 0.034362834 | S59: =$M59/$Q59 -> 2.6922272 | U59: =0.075/(LOG10($P59*10)-2)^2 -> 0.0035136153 | V59: =Q59-U59 -> 0.0022092647 | W59: =$V59*W$10 -> 0.0022092647 | X59: =W59/M59 -> 0.14339084 | Y59: 1.2 | Z59: =M59-$Y59*(Q59-U59) -> 0.012756175 | AA59: =Z59*$O$5/$AA$12 -> 0.029015071 | AB59: =AA59-'Results vs speed'!W64 -> -0.0060302061
A60: ='Results vs speed'!A65 -> D4 | B60: ='Results vs speed'!B65 -> V3 | C60: ='Results vs speed'!C65 -> 31 | D60: ='Results vs speed'!D65 -> 8 | E60: ='Results vs speed'!E65 -> 0.8 | F60: ='Results vs speed'!M65 -> 0 | G60: ='Results vs speed'!N65 -> 0 | I60: ='Results vs speed'!Q65 -> 0.07696114 | J60: ='Results vs speed'!L65 -> 0.8094005 | K60: ='Results vs speed'!O65 -> 0.22767566 | L60: =J60/SQRT($K$3*$M$3) -> 0.23993852 | M60: =K60/(0.5*$P$3*$O$5*$J60^2) -> 0.0062617639 | N60: 16 | O60: =$Q$3*10^($R$3/($N60+273-$S$3)) -> 0.0011112826 | P60: =$P$3*J60*$M$3/$O60 -> 844883.72 | Q60: =0.075/(LOG10($P60)-2)^2 -> 0.0048638971 | R60: =$L60^4/$Q60 -> 0.68142099 | S60: =$M60/$Q60 -> 1.2873965 | U60: =0.075/(LOG10($P60*10)-2)^2 -> 0.0030898112 | V60: =Q60-U60 -> 0.0017740859 | W60: =$V60*W$10 -> 0.0017740859 | X60: =W60/M60 -> 0.28332047 | Y60: 1.2 | Z60: =M60-$Y60*(Q60-U60) -> 0.0041328608 | AA60: =Z60*$O$5/$AA$12 -> 0.0094005645 | AB60: =AA60-'Results vs speed'!W65 -> -0.004842382
A61: ='Results vs speed'!A66 -> D4 | B61: ='Results vs speed'!B66 -> V3 | C61: ='Results vs speed'!C66 -> 32 | D61: ='Results vs speed'!D66 -> 8 | E61: ='Results vs speed'!E66 -> 1.2 | F61: ='Results vs speed'!M66 -> 0 | G61: ='Results vs speed'!N66 -> set model to 12 degrees | I61: ='Results vs speed'!Q66 -> 0.44829134 | J61: ='Results vs speed'!L66 -> 1.1938263 | K61: ='Results vs speed'!O66 -> 0.78753595 | L61: =J61/SQRT($K$3*$M$3) -> 0.35389763 | M61: =K61/(0.5*$P$3*$O$5*$J61^2) -> 0.0099562343 | N61: 16 | O61: =$Q$3*10^($R$3/($N61+273-$S$3)) -> 0.0011112826 | P61: =$P$3*J61*$M$3/$O61 -> 1246162.3 | Q61: =0.075/(LOG10($P61)-2)^2 -> 0.004471277 | R61: =$L61^4/$Q61 -> 3.508157 | S61: =$M61/$Q61 -> 2.2267093 | U61: =0.075/(LOG10($P61*10)-2)^2 -> 0.002888517 | V61: =Q61-U61 -> 0.00158276 | W61: =$V61*W$10 -> 0.00158276 | X61: =W61/M61 -> 0.15897175 | Y61: 1.2 | Z61: =M61-$Y61*(Q61-U61) -> 0.0080569223 | AA61: =Z61*$O$5/$AA$12 -> 0.018326196 | AB61: =AA61-'Results vs speed'!W66 -> -0.0043201564
A62: ='Results vs speed'!A67 -> D4 | B62: ='Results vs speed'!B67 -> V3 | C62: ='Results vs speed'!C67 -> 33 | D62: ='Results vs speed'!D67 -> 12 | E62: ='Results vs speed'!E67 -> 0.4 | F62: ='Results vs speed'!M67 -> 0 | G62: ='Results vs speed'!N67 -> 0 | I62: ='Results vs speed'!Q67 -> -0.011556993 | J62: ='Results vs speed'!L67 -> 0.39940425 | K62: ='Results vs speed'!O67 -> 0.093173092 | L62: =J62/SQRT($K$3*$M$3) -> 0.11839931 | M62: =K62/(0.5*$P$3*$O$5*$J62^2) -> 0.01052379 | N62: 16 | O62: =$Q$3*10^($R$3/($N62+273-$S$3)) -> 0.0011112826 | P62: =$P$3*J62*$M$3/$O62 -> 416913.69 | Q62: =0.075/(LOG10($P62)-2)^2 -> 0.0057231226 | R62: =$L62^4/$Q62 -> 0.034337105 | S62: =$M62/$Q62 -> 1.8388196 | U62: =0.075/(LOG10($P62*10)-2)^2 -> 0.003513732 | V62: =Q62-U62 -> 0.0022093906 | W62: =$V62*W$10 -> 0.0022093906 | X62: =W62/M62 -> 0.20994248 | Y62: 1 | Z62: =M62-$Y62*(Q62-U62) -> 0.0083143992 | AA62: =Z62*$O$5/$AA$12 -> 0.018911851 | AB62: =AA62-'Results vs speed'!W67 -> -0.0050254581
A63: ='Results vs speed'!A68 -> D4 | B63: ='Results vs speed'!B68 -> V3 | C63: ='Results vs speed'!C68 -> 34 | D63: ='Results vs speed'!D68 -> 12 | E63: ='Results vs speed'!E68 -> 0.8 | F63: ='Results vs speed'!M68 -> 13.03 | G63: ='Results vs speed'!N68 -> 0 | I63: ='Results vs speed'!Q68 -> 0.28255185 | J63: ='Results vs speed'!L68 -> 0.80926551 | K63: ='Results vs speed'!O68 -> 0.68920275 | L63: =J63/SQRT($K$3*$M$3) -> 0.2398985 | M63: =K63/(0.5*$P$3*$O$5*$J63^2) -> 0.018961468 | N63: 16 | O63: =$Q$3*10^($R$3/($N63+273-$S$3)) -> 0.0011112826 | P63: =$P$3*J63*$M$3/$O63 -> 844742.82 | Q63: =0.075/(LOG10($P63)-2)^2 -> 0.0048640765 | R63: =$L63^4/$Q63 -> 0.68094141 | S63: =$M63/$Q63 -> 3.8982667 | U63: =0.075/(LOG10($P63*10)-2)^2 -> 0.003089902 | V63: =Q63-U63 -> 0.0017741745 | W63: =$V63*W$10 -> 0.0017741745 | X63: =W63/M63 -> 0.093567361 | Y63: 1 | Z63: =M63-$Y63*(Q63-U63) -> 0.017187293 | AA63: =Z63*$O$5/$AA$12 -> 0.039094048 | AB63: =AA63-'Results vs speed'!W68 -> -0.0040355199
A64: ='Results vs speed'!A69 -> D4 | B64: ='Results vs speed'!B69 -> V3 | C64: ='Results vs speed'!C69 -> 35 | D64: ='Results vs speed'!D69 -> 12 | E64: ='Results vs speed'!E69 -> 1.2 | F64: ='Results vs speed'!M69 -> 14 | G64: ='Results vs speed'!N69 -> Adjust to 16 degrees | I64: ='Results vs speed'!Q69 -> 0.29362123 | J64: ='Results vs speed'!L69 -> 1.1966545 | K64: ='Results vs speed'!O69 -> 1.234278 | L64: =J64/SQRT($K$3*$M$3) -> 0.35473601 | M64: =K64/(0.5*$P$3*$O$5*$J64^2) -> 0.015530393 | N64: 16 | O64: =$Q$3*10^($R$3/($N64+273-$S$3)) -> 0.0011112826 | P64: =$P$3*J64*$M$3/$O64 -> 1249114.5 | Q64: =0.075/(LOG10($P64)-2)^2 -> 0.0044690341 | R64: =$L64^4/$Q64 -> 3.5432963 | S64: =$M64/$Q64 -> 3.4751118 | U64: =0.075/(LOG10($P64*10)-2)^2 -> 0.0028873523 | V64: =Q64-U64 -> 0.0015816817 | W64: =$V64*W$10 -> 0.0015816817 | X64: =W64/M64 -> 0.10184428 | Y64: 1 | Z64: =M64-$Y64*(Q64-U64) -> 0.013948711 | AA64: =Z64*$O$5/$AA$12 -> 0.031727601 | AB64: =AA64-'Results vs speed'!W69 -> -0.0035976777
A65: ='Results vs speed'!A70 -> D4 | B65: ='Results vs speed'!B70 -> V3 | C65: ='Results vs speed'!C70 -> 36 | D65: ='Results vs speed'!D70 -> 16 | E65: ='Results vs speed'!E70 -> 0.4 | F65: ='Results vs speed'!M70 -> 0 | G65: ='Results vs speed'!N70 -> 0 | I65: ='Results vs speed'!Q70 -> 0.031158831 | J65: ='Results vs speed'!L70 -> 0.40080609 | K65: ='Results vs speed'!O70 -> 0.24446905 | L65: =J65/SQRT($K$3*$M$3) -> 0.11881488 | M65: =K65/(0.5*$P$3*$O$5*$J65^2) -> 0.027419673 | N65: 16 | O65: =$Q$3*10^($R$3/($N65+273-$S$3)) -> 0.0011112826 | P65: =$P$3*J65*$M$3/$O65 -> 418376.99 | Q65: =0.075/(LOG10($P65)-2)^2 -> 0.0057183143 | R65: =$L65^4/$Q65 -> 0.034851 | S65: =$M65/$Q65 -> 4.7950622 | U65: =0.075/(LOG10($P65*10)-2)^2 -> 0.0035114186 | V65: =Q65-U65 -> 0.0022068957 | W65: =$V65*W$10 -> 0.0022068957 | X65: =W65/M65 -> 0.080485852 | Y65: 1 | Z65: =M65-$Y65*(Q65-U65) -> 0.025212777 | AA65: =Z65*$O$5/$AA$12 -> 0.057348735 | AB65: =AA65-'Results vs speed'!W70 -> -0.0050197833
A66: ='Results vs speed'!A71 -> D4 | B66: ='Results vs speed'!B71 -> V3 | C66: ='Results vs speed'!C71 -> 37 | D66: ='Results vs speed'!D71 -> 16 | E66: ='Results vs speed'!E71 -> 0.8 | F66: ='Results vs speed'!M71 -> 0 | G66: ='Results vs speed'!N71 -> 0 | I66: ='Results vs speed'!Q71 -> 0.077057962 | J66: ='Results vs speed'!L71 -> 0.80830083 | K66: ='Results vs speed'!O71 -> 0.93636077 | L66: =J66/SQRT($K$3*$M$3) -> 0.23961253 | M66: =K66/(0.5*$P$3*$O$5*$J66^2) -> 0.025822851 | N66: 16 | O66: =$Q$3*10^($R$3/($N66+273-$S$3)) -> 0.0011112826 | P66: =$P$3*J66*$M$3/$O66 -> 843735.84 | Q66: =0.075/(LOG10($P66)-2)^2 -> 0.0048653601 | R66: =$L66^4/$Q66 -> 0.67752155 | S66: =$M66/$Q66 -> 5.3074901 | U66: =0.075/(LOG10($P66*10)-2)^2 -> 0.0030905519 | V66: =Q66-U66 -> 0.0017748082 | W66: =$V66*W$10 -> 0.0017748082 | X66: =W66/M66 -> 0.068730143 | Y66: 1 | Z66: =M66-$Y66*(Q66-U66) -> 0.024048042 | AA66: =Z66*$O$5/$AA$12 -> 0.05469944 | AB66: =AA66-'Results vs speed'!W71 -> -0.0040369613
A67: ='Results vs speed'!A72 -> D4 | B67: ='Results vs speed'!B72 -> V3 | C67: ='Results vs speed'!C72 -> 38 | D67: ='Results vs speed'!D72 -> 16 | E67: ='Results vs speed'!E72 -> 1.2 | F67: ='Results vs speed'!M72 -> 0 | G67: ='Results vs speed'!N72 -> Final test of the day. Model removed 15.37pm | I67: ='Results vs speed'!Q72 -> 0.17962976 | J67: ='Results vs speed'!L72 -> 1.1968094 | K67: ='Results vs speed'!O72 -> 2.042932 | L67: =J67/SQRT($K$3*$M$3) -> 0.35478194 | M67: =K67/(0.5*$P$3*$O$5*$J67^2) -> 0.025698687 | N67: 16 | O67: =$Q$3*10^($R$3/($N67+273-$S$3)) -> 0.0011112826 | P67: =$P$3*J67*$M$3/$O67 -> 1249276.2 | Q67: =0.075/(LOG10($P67)-2)^2 -> 0.0044689114 | R67: =$L67^4/$Q67 -> 3.5452286 | S67: =$M67/$Q67 -> 5.7505474 | U67: =0.075/(LOG10($P67*10)-2)^2 -> 0.0028872886 | V67: =Q67-U67 -> 0.0015816228 | W67: =$V67*W$10 -> 0.0015816228 | X67: =W67/M67 -> 0.061544888 | Y67: 1 | Z67: =M67-$Y67*(Q67-U67) -> 0.024117064 | AA67: =Z67*$O$5/$AA$12 -> 0.054856436 | AB67: =AA67-'Results vs speed'!W72 -> -0.0035975436
W69: =AVERAGE(W15:W67) -> 0.0017911815 | X69: =AVERAGE(X15:X67) -> 0.18835946 | AB69: average
W70: average | AB70: =AVERAGE(AB15:AB67) -> -0.0063086033
Y71: On basis of fitting straight line
W72: If 1+k = 1 | Y72: Change the k's
M73: Y-axis intercept should be around 1.2 or so. | W73: then | Y73: to larger values | AC73: Say 1+k = 0.5 for V3 model.
W74: fractional
M75: These results show that 1+k reduces as the model become more slender | W75: decrease | Y75: 1.3 | AF75: RF 19/8/22
M76: 1+k also increases as the yaw angle increases | W76: is approx 19% | Y76: 1.1 | Z76: superseded, 22/8/22 | AF76: Calculate average y-axis intercept for the three cases
Y77: 1 | AH77: U | AI77: V1 | AJ77: V2
M78: Should I also plot the leeway data? | Q78: Yes, done. | AH78: 2.1425 | AI78: 1.6758 | AJ78: 2.0599
Q79: Similar behaviour to 0 yaw for lower angles but higher angles have much higher values. | AH79: 1.4898 | AI79: 1.1169 | AJ79: 0.8728
AH80: 1.1931 | AJ80: 0.6602
AF82: Ave | AH82: =AVERAGE(AH78:AH80) -> 1.6084667 | AI82: =AVERAGE(AI78:AI80) -> 1.39635 | AJ82: =AVERAGE(AJ78:AJ80) -> 1.1976333
AF83: round: | AH83: 1.6 | AI83: 1.4 | AJ83: 1.2 | AK83: revised values based on plots above. RF 22/8/22

Sheet Froude Scaling
A1: Froude Scaling
A2: RGjF 3/11/2013 | C2: Lm [m] | D2: 1.2 | E2: Lfs | F2: 12
C4: Model speed | D4: Fr | E4: Eq V f-s
C5: m/s | E5: m/s
C6: 0 | D6: =$C6/SQRT(9.81*$D$2) -> 0 | E6: =$D6*SQRT(9.81*$F$2) -> 0
C7: 0.4 | D7: =$C7/SQRT(9.81*$D$2) -> 0.1165829 | E7: =$D7*SQRT(9.81*$F$2) -> 1.2649111
C8: 0.8 | D8: =$C8/SQRT(9.81*$D$2) -> 0.23316581 | E8: =$D8*SQRT(9.81*$F$2) -> 2.5298221
C9: 1.2 | D9: =$C9/SQRT(9.81*$D$2) -> 0.34974871 | E9: =$D9*SQRT(9.81*$F$2) -> 3.7947332
C10: 1.6 | D10: =$C10/SQRT(9.81*$D$2) -> 0.46633161 | E10: =$D10*SQRT(9.81*$F$2) -> 5.0596443
